{
  "NDVI": {
    "PNSJ": {
      "parque": "PNSJ",
      "media": 0.36844608187675476,
      "mediana": 0.3670731782913208,
      "desvio_padrao": 0.06915277987718582,
      "minimo": 0.012592390179634094,
      "maximo": 0.5633150339126587,
      "pixels": 551779
    },
    "PESF": {
      "parque": "PESF",
      "media": 0.40491750836372375,
      "mediana": 0.43128666281700134,
      "desvio_padrao": 0.08867296576499939,
      "minimo": 0.012592390179634094,
      "maximo": 0.5327004790306091,
      "pixels": 14777
    }
  },
  "EVI": {
    "PNSJ": {
      "parque": "PNSJ",
      "media": 1.2166401147842407,
      "mediana": 1.1951687335968018,
      "desvio_padrao": 0.221176877617836,
      "minimo": 0.06019366532564163,
      "maximo": 1.8180060386657715,
      "pixels": 551779
    },
    "PESF": {
      "parque": "PESF",
      "media": 1.3899329900741577,
      "mediana": 1.473809003829956,
      "desvio_padrao": 0.2557767927646637,
      "minimo": 0.06019366532564163,
      "maximo": 1.6811021566390991,
      "pixels": 14777
    }
  }
}