Mod,Plot,Type,Distance,Side,UniqueID,Altitude,Decl1,Decl2,Decl3,Decl4,Aspecto,Prof1,Prof2,Prof3,Prof4,Rocha1,Rocha2,Rocha3,Rocha4,Solo1,Solo2,Solo3,Solo4,Biom1,Biom2,Biom3,Biom4,Serra1,Serra2,Serra3,Serra4,esp_serra1,esp_serra2,esp_serra3,esp_serra4,grimpa1,grimpa2,grimpa3,grimpa4,hmax,dossel,agua,Gado,Veg,Fogo,tipo.veg,obs,obs2,data,Biomass_mean,Serra_mean,Species_richness
1,M01T01,Terrestre,25,J,TN500_25_J,1550.0,19.0,14.5,20.0,26.0,345.0,30.0,15.0,25.0,51.0,0.0,0.0,1.0,10.0,0.0,1.0,0.0,8.0,15.0,8.0,10.0,10.0,85.0,91.0,89.0,72.0,2.0,1.4,2.0,2.5,18.0,10.0,16.0,5.0,16.0,13.795625,100.0,1.0,,,FOM,,,11/2/2020,10.75,84.25,7.9
1,M01T01,Terrestre,75,J,TN500_75_J,1550.0,40.0,40.0,40.0,40.0,300.0,0.0,0.0,0.0,0.0,100.0,100.0,100.0,100.0,0.0,0.0,0.0,0.0,0.0,0.0,0.0,0.0,0.0,0.0,0.0,0.0,0.0,0.0,0.0,0.0,0.0,0.0,0.0,0.0,7.0,47.2328125,100.0,1.0,,,FOM,,,11/2/2020,0.0,0.0,0.0
1,M01T01,Terrestre,125,J,TN500_125_J,1550.0,33.5,16.0,18.0,26.0,305.0,51.0,51.0,20.0,40.0,0.0,0.0,0.0,0.0,0.0,0.0,0.0,0.0,5.0,8.0,5.0,5.0,95.0,92.0,95.0,95.0,5.0,3.0,5.0,2.5,5.0,6.0,10.0,15.0,14.0,16.75875,100.0,1.0,,,FOM,bem na estrada,,11/2/2020,5.75,94.25,15.5
1,M01T01,Terrestre,175,J,TN500_175_J,1550.0,11.0,10.0,15.3,14.0,300.0,51.0,51.0,45.0,46.0,0.0,0.0,5.0,20.0,0.0,0.0,10.0,0.0,2.0,0.0,1.0,0.0,98.0,100.0,84.0,80.0,5.0,5.6,9.0,4.0,0.0,0.0,0.0,2.0,12.0,18.03,100.0,1.0,,,FOM,bem na estrada,,11/2/2020,0.75,90.5,23.6
1,M01T01,Terrestre,225,J,TN500_225_J,1550.0,20.0,16.0,25.0,20.0,300.0,51.0,20.0,51.0,51.0,0.0,0.0,0.0,0.0,0.0,0.0,0.0,0.0,0.0,0.0,0.0,0.0,100.0,100.0,100.0,100.0,5.0,7.0,4.0,7.5,6.0,30.0,10.0,5.0,16.0,23.51,100.0,1.0,,,FOM,,,11/2/2020,0.0,100.0,23.5
1,M01T01,Terrestre,25,M,TN500_25_M,1550.0,47.0,20.0,45.0,46.0,345.0,51.0,10.0,51.0,10.0,30.0,20.0,40.0,5.0,0.0,0.0,0.0,0.0,2.0,0.0,0.0,0.0,68.0,80.0,60.0,95.0,4.0,3.0,4.0,2.0,40.0,30.0,60.0,15.0,18.0,12.45520833,100.0,1.0,,,FOM,,,11/2/2020,0.5,75.75,13.0
1,M01T01,Terrestre,75,M,TN500_75_M,1550.0,33.0,38.0,31.0,16.0,300.0,25.0,51.0,26.0,40.0,60.0,0.0,0.0,0.0,0.0,0.0,0.0,0.0,0.0,0.0,1.0,5.0,40.0,100.0,99.0,95.0,6.0,11.0,2.0,3.1,0.0,0.0,2.0,2.0,12.0,19.32083333,100.0,1.0,,,FOM,,,11/2/2020,1.5,83.5,22.1
1,M01T01,Terrestre,125,M,TN500_125_M,1550.0,0.1,0.1,0.1,0.1,310.0,30.0,10.0,12.0,20.0,0.0,4.0,0.0,0.0,0.0,0.0,0.0,0.0,95.0,76.0,94.0,100.0,5.0,20.0,6.0,0.0,0.1,0.2,0.1,0.0,5.0,0.0,6.0,1.0,7.5,55.67125,100.0,1.0,,,FOM,,,11/2/2020,91.25,7.75,0.4
1,M01T01,Terrestre,175,M,TN500_175_M,1550.0,44.0,42.0,28.0,40.0,315.0,0.0,13.0,51.0,40.0,100.0,5.0,0.0,40.0,0.0,60.0,50.0,50.0,0.0,0.0,0.0,0.0,0.0,35.0,50.0,10.0,0.0,6.0,6.0,10.0,0.0,0.0,0.0,0.0,11.5,21.53541667,100.0,1.0,,,FOM,,,11/2/2020,0.0,23.75,22.0
1,M01T01,Terrestre,225,M,TN500_225_M,1550.0,18.0,20.0,13.0,12.0,285.0,5.0,51.0,51.0,20.0,30.0,0.0,0.0,0.0,0.0,0.0,0.0,0.0,0.0,0.0,5.0,5.0,70.0,100.0,95.0,95.0,8.5,4.3,5.3,4.0,0.0,0.0,5.0,1.0,11.0,21.27177083,100.0,1.0,,,FOM,,,11/2/2020,2.5,90.0,22.1
1,M01T02,Terrestre,25,J,TN1500_25_J,1459.0,19.0,19.0,19.0,19.0,70.0,27.0,27.0,27.0,27.0,0.0,0.0,0.0,0.0,5.0,8.0,5.0,8.0,3.0,10.0,5.0,5.0,92.0,82.0,90.0,87.0,0.3,0.6,0.3,0.2,0.0,0.0,0.0,0.0,2.8,76.8653125,100.0,1.0,,,FOM-CAMPO,,,,5.75,87.75,1.4
1,M01T02,Terrestre,75,J,TN1500_75_J,1459.0,14.0,14.0,14.0,14.0,70.0,40.0,40.0,40.0,40.0,0.0,5.0,40.0,5.0,15.0,0.0,0.0,15.0,10.0,15.0,4.0,20.0,75.0,80.0,56.0,60.0,2.0,0.6,0.5,0.2,0.0,0.0,0.0,0.0,2.0,84.52385417,100.0,1.0,,,FOM-CAMPO,,,,12.25,67.75,3.3000000000000003
1,M01T02,Terrestre,125,J,TN1500_125_J,1459.0,13.0,13.0,13.0,13.0,70.0,25.0,25.0,25.0,25.0,10.0,30.0,0.0,0.0,0.0,0.0,0.0,0.0,1.0,1.0,3.0,1.0,89.0,69.0,97.0,99.0,1.8,2.8,3.0,2.3,0.0,0.0,0.0,0.0,10.0,55.89989583,100.0,1.0,,,FOM-CAMPO,,,,1.5,88.5,9.899999999999999
1,M01T02,Terrestre,175,J,TN1500_175_J,1459.0,30.0,30.0,30.0,30.0,70.0,51.0,51.0,51.0,51.0,50.0,5.0,0.0,0.0,0.0,0.0,0.0,0.0,20.0,5.0,10.0,10.0,30.0,90.0,90.0,90.0,3.1,2.5,2.6,1.8,5.0,15.0,50.0,70.0,14.0,44.21604167,100.0,1.0,,,FOM-CAMPO,,,,11.25,75.0,10.0
1,M01T02,Terrestre,225,J,TN1500_225_J,1459.0,15.0,15.0,15.0,15.0,70.0,20.0,20.0,20.0,20.0,0.0,5.0,0.0,20.0,5.0,15.0,10.0,10.0,95.0,80.0,90.0,70.0,0.0,0.0,0.0,0.0,0.0,0.0,0.0,0.0,5.0,5.0,10.0,10.0,10.0,48.2746875,100.0,1.0,,,FOM-CAMPO,,,,83.75,0.0,0.0
1,M01T02,Terrestre,25,M,TN1500_25_M,1459.0,9.5,9.5,9.5,9.5,70.0,21.1,21.1,21.1,21.1,0.0,0.0,0.0,30.0,95.0,98.0,92.0,68.0,0.0,0.0,0.0,0.0,5.0,2.0,8.0,2.0,0.1,0.1,0.2,0.1,0.0,0.0,0.0,0.0,3.0,97.1215625,100.0,1.0,,,FOM-CAMPO,,,,0.0,4.25,0.5
1,M01T02,Terrestre,75,M,TN1500_75_M,1459.0,17.5,17.5,17.5,17.5,70.0,19.0,19.0,19.0,19.0,70.0,10.0,50.0,80.0,0.0,0.0,0.0,0.0,0.0,5.0,5.0,0.0,30.0,85.0,45.0,20.0,2.3,1.5,3.3,3.0,0.0,0.0,0.0,0.0,4.0,81.98395833,100.0,1.0,,,FOM-CAMPO,,,,2.5,45.0,10.1
1,M01T02,Terrestre,125,M,TN1500_125_M,1459.0,6.0,6.0,6.0,6.0,70.0,30.0,30.0,30.0,30.0,0.0,15.0,0.0,0.0,0.0,0.0,0.0,0.0,50.0,50.0,85.0,90.0,50.0,35.0,15.0,10.0,1.7,2.5,2.5,0.9,0.0,0.0,0.0,0.0,5.0,45.3034375,100.0,1.0,,,FOM-CAMPO,,,,68.75,27.5,7.6000000000000005
1,M01T02,Terrestre,175,M,TN1500_175_M,1459.0,7.0,7.0,7.0,7.0,70.0,51.0,51.0,51.0,51.0,0.0,0.0,0.0,3.0,0.0,0.0,0.0,0.0,30.0,30.0,20.0,40.0,70.0,70.0,80.0,57.0,3.0,3.1,3.5,2.2,0.0,0.0,20.0,0.0,5.0,48.5775,100.0,1.0,,,FOM-CAMPO,,,,30.0,69.25,11.8
1,M01T02,Terrestre,225,M,TN1500_225_M,1459.0,1.0,1.0,1.0,1.0,70.0,51.0,51.0,51.0,51.0,0.0,0.0,0.0,0.0,0.0,0.0,5.0,5.0,60.0,80.0,90.0,70.0,40.0,20.0,5.0,25.0,4.0,5.5,2.0,2.0,0.0,0.0,5.0,5.0,4.0,85.10072917,100.0,1.0,,,FOM-CAMPO,,,,75.0,22.5,13.5
1,M01T03,Terrestre,25,J,TN2500_25_J,1453.0,20.0,20.0,20.0,20.0,250.0,51.0,51.0,51.0,51.0,0.0,0.0,0.0,0.0,0.0,0.0,0.0,0.0,0.0,0.0,0.0,0.0,100.0,100.0,100.0,100.0,46.0,40.0,15.0,30.0,0.0,0.0,0.0,0.0,3.0,24.27552083,100.0,1.0,,,FOM,,,,0.0,100.0,131.0
1,M01T03,Terrestre,75,J,TN2500_75_J,1453.0,33.0,33.0,33.0,33.0,250.0,51.0,51.0,51.0,51.0,0.0,0.0,0.0,0.0,0.0,0.0,0.0,0.0,0.0,0.0,0.0,0.0,100.0,100.0,100.0,100.0,48.0,35.0,41.0,50.0,0.0,0.0,0.0,0.0,9.0,22.664375,100.0,1.0,,,FOM,,,,0.0,100.0,174.0
1,M01T03,Terrestre,125,J,TN2500_125_J,1453.0,45.0,45.0,45.0,45.0,250.0,45.0,45.0,45.0,45.0,10.0,0.0,0.0,0.0,0.0,0.0,0.0,0.0,0.0,0.0,0.0,0.0,90.0,100.0,100.0,100.0,15.0,15.0,29.0,20.0,20.0,15.0,8.0,5.0,16.0,5.891458333,100.0,1.0,,,FOM,,,,0.0,97.5,79.0
1,M01T03,Terrestre,175,J,TN2500_175_J,1453.0,16.5,16.5,16.5,16.5,300.0,51.0,51.0,51.0,51.0,0.0,0.0,0.0,0.0,0.0,0.0,0.0,0.0,0.0,0.0,0.0,0.0,100.0,100.0,100.0,100.0,10.0,7.5,7.0,19.0,0.0,0.0,0.0,0.0,8.0,19.6353125,100.0,1.0,,,FOM,,,,0.0,100.0,43.5
1,M01T03,Terrestre,225,J,TN2500_225_J,1453.0,24.5,24.5,24.5,24.5,310.0,40.0,40.0,40.0,40.0,100.0,0.0,0.0,0.0,0.0,0.0,0.0,0.0,0.0,0.0,0.0,0.0,0.0,100.0,100.0,100.0,0.0,7.5,7.6,14.4,0.0,0.0,0.0,0.0,8.5,22.54479167,100.0,1.0,,,FOM,,,,0.0,75.0,29.5
1,M01T03,Terrestre,25,M,TN2500_25_M,1453.0,37.0,37.0,37.0,37.0,280.0,51.0,51.0,51.0,51.0,0.0,0.0,15.0,5.0,3.0,5.0,20.0,10.0,0.0,0.0,0.0,0.0,97.0,95.0,65.0,85.0,3.0,7.0,6.0,5.0,3.0,5.0,20.0,10.0,14.0,23.90395833,100.0,1.0,,,FOM,,,,0.0,85.5,21.0
1,M01T03,Terrestre,75,M,TN2500_75_M,1453.0,33.0,33.0,33.0,33.0,250.0,51.0,51.0,51.0,51.0,0.0,0.0,0.0,0.0,30.0,12.0,0.0,0.0,5.0,8.0,20.0,0.0,65.0,80.0,80.0,100.0,4.0,4.0,9.0,13.0,0.0,0.0,0.0,0.0,2.5,39.8165625,100.0,1.0,,,FOM,,,,8.25,81.25,30.0
1,M01T03,Terrestre,125,M,TN2500_125_M,1453.0,40.0,40.0,40.0,40.0,240.0,45.0,45.0,45.0,45.0,0.0,0.0,0.0,0.0,0.0,0.0,0.0,0.0,0.0,0.0,0.0,0.0,100.0,100.0,100.0,100.0,36.0,25.0,30.0,45.0,0.0,0.0,0.0,0.0,5.5,6.831666667,100.0,1.0,,,FOM,,,,0.0,100.0,136.0
1,M01T03,Terrestre,175,M,TN2500_175_M,1453.0,31.0,31.0,31.0,31.0,300.0,51.0,51.0,51.0,51.0,0.0,0.0,0.0,0.0,0.0,0.0,0.0,0.0,0.0,0.0,0.0,0.0,100.0,100.0,100.0,100.0,24.0,20.0,16.0,13.0,0.0,0.0,0.0,0.0,13.0,8.9709375,100.0,1.0,,,FOM,,,,0.0,100.0,73.0
1,M01T03,Terrestre,225,M,TN2500_225_M,1453.0,16.9,16.9,16.9,16.9,320.0,30.0,30.0,30.0,30.0,0.0,5.0,0.0,0.0,10.0,60.0,15.0,25.0,0.0,0.0,5.0,5.0,90.0,35.0,80.0,70.0,3.0,5.0,5.0,3.0,2.0,60.0,15.0,25.0,11.0,35.61041667,100.0,1.0,,,FOM,,,,2.5,68.75,16.0
1,M01T04,Terrestre,25,J,TN3500_25_J,1592.0,25.0,10.0,26.0,17.0,229.0,18.0,40.0,35.0,10.0,0.0,0.0,0.0,0.0,5.0,0.0,5.0,0.0,0.0,5.0,5.0,2.0,95.0,95.0,90.0,98.0,2.0,1.5,2.3,2.6,0.0,0.0,0.0,0.0,7.0,16.93135417,100.0,1.0,,,FOM,,,2/20/2020,3.0,94.5,8.4
1,M01T04,Terrestre,75,J,TN3500_75_J,1592.0,16.0,13.0,13.0,14.0,197.0,51.0,20.0,45.0,51.0,0.0,0.0,0.0,0.0,0.0,0.0,0.0,0.0,80.0,90.0,80.0,65.0,20.0,10.0,20.0,35.0,1.3,2.0,5.0,4.0,20.0,0.0,5.0,10.0,10.0,17.11458333,100.0,1.0,,,FOM,,,2/20/2020,78.75,21.25,12.3
1,M01T04,Terrestre,125,J,TN3500_125_J,1592.0,12.0,22.0,26.0,14.0,272.0,40.0,30.0,40.0,51.0,0.0,0.0,60.0,0.0,0.0,0.0,0.0,0.0,5.0,2.0,0.0,5.0,95.0,98.0,40.0,95.0,7.5,5.0,4.5,6.0,45.0,10.0,5.0,30.0,13.0,10.2959375,100.0,1.0,,,FOM,,,2/20/2020,3.0,82.0,23.0
1,M01T04,Terrestre,175,J,TN3500_175_J,1592.0,18.0,18.0,16.0,18.0,241.0,51.0,51.0,31.0,51.0,0.0,0.0,0.0,0.0,0.0,0.0,0.0,0.0,8.0,5.0,2.0,0.0,92.0,95.0,98.0,100.0,2.5,2.0,2.0,2.2,10.0,15.0,10.0,10.0,11.0,13.65322917,100.0,1.0,,,FOM,,,2/20/2020,3.75,96.25,8.7
1,M01T04,Terrestre,225,J,TN3500_225_J,1592.0,23.0,15.0,21.0,13.0,241.0,51.0,22.0,40.0,30.0,0.0,0.0,0.0,0.0,0.0,0.0,0.0,0.0,50.0,5.0,5.0,0.0,50.0,95.0,95.0,100.0,2.0,1.7,3.5,1.5,0.0,0.0,0.0,0.0,7.0,18.57239583,100.0,1.0,,,FOM,,,2/20/2020,15.0,85.0,8.7
1,M01T04,Terrestre,25,M,TN3500_25_M,1592.0,15.0,12.0,16.0,10.0,200.0,21.0,22.0,17.0,25.0,0.0,0.0,0.0,0.0,1.0,0.0,0.0,0.0,50.0,60.0,40.0,40.0,49.0,40.0,60.0,60.0,2.8,3.3,4.6,4.0,0.0,0.0,0.0,0.0,8.0,30.4171875,100.0,1.0,,,FOM,,,2/20/2020,47.5,52.25,14.7
1,M01T04,Terrestre,75,M,TN3500_75_M,1592.0,9.0,12.0,19.0,20.0,208.0,51.0,51.0,51.0,51.0,0.0,0.0,0.0,0.0,5.0,0.0,2.0,2.0,70.0,40.0,30.0,40.0,25.0,60.0,68.0,58.0,2.4,2.2,2.0,2.6,0.0,0.0,0.0,0.0,9.0,24.39447917,100.0,1.0,,,FOM,,,2/20/2020,45.0,52.75,9.2
1,M01T04,Terrestre,125,M,TN3500_125_M,1592.0,26.0,10.0,2.0,17.0,273.0,35.0,20.0,30.0,30.0,0.0,0.0,0.0,0.0,0.0,0.0,0.0,0.0,10.0,5.0,2.0,2.0,90.0,95.0,98.0,98.0,5.0,11.0,6.1,3.0,15.0,20.0,25.0,25.0,12.0,11.511875,100.0,1.0,,,FOM,,,2/20/2020,4.75,95.25,25.1
1,M01T04,Terrestre,175,M,TN3500_175_M,1592.0,23.0,23.0,20.0,30.0,275.0,51.0,20.0,30.0,25.0,0.0,0.0,0.0,0.0,0.0,0.0,0.0,0.0,2.0,0.0,0.0,5.0,98.0,100.0,100.0,95.0,6.5,5.0,4.0,6.0,0.0,0.0,0.0,0.0,8.0,28.87197917,100.0,1.0,,,FOM,,,2/20/2020,1.75,98.25,21.5
1,M01T04,Terrestre,225,M,TN3500_225_M,1592.0,10.0,8.0,10.0,23.0,240.0,40.0,51.0,40.0,51.0,0.0,0.0,0.0,0.0,0.0,0.0,0.0,0.0,5.0,5.0,10.0,10.0,95.0,95.0,90.0,90.0,3.4,4.4,4.2,3.5,50.0,60.0,20.0,25.0,11.0,10.569375,100.0,1.0,,,FOM,,,2/20/2020,7.5,92.5,15.5
1,M01T04,Terrestre,25,J,TN3500_25_J,1592.0,18.0,13.5,28.0,22.0,190.0,11.0,11.0,15.0,20.0,0.0,0.0,0.0,0.0,0.0,0.0,0.0,0.0,5.0,3.0,9.0,15.0,95.0,97.0,91.0,85.0,2.0,1.6,1.0,2.5,0.0,0.0,0.0,0.0,10.0,16.93135417,100.0,1.0,,,FOM,,,11/13/2020,8.0,92.0,7.1
1,M01T04,Terrestre,75,J,TN3500_75_J,1592.0,12.8,12.8,12.8,12.8,250.0,51.0,40.0,41.0,51.0,0.0,0.0,0.0,0.0,0.0,0.0,0.0,0.0,6.0,1.0,1.0,2.0,94.0,99.0,99.0,98.0,1.5,4.2,5.5,3.0,0.0,0.0,5.0,2.0,10.0,17.11458333,100.0,1.0,,,FOM,,,11/13/2020,2.5,97.5,14.2
1,M01T04,Terrestre,125,J,TN3500_125_J,1592.0,14.0,15.0,20.0,8.0,240.0,40.0,45.0,40.0,38.0,0.0,0.0,0.0,0.0,0.0,0.0,0.0,0.0,1.0,3.0,3.0,2.0,99.0,97.0,97.0,98.0,2.5,4.6,3.0,5.0,5.0,3.0,40.0,8.0,16.0,10.2959375,100.0,1.0,,,FOM,,,11/13/2020,2.25,97.75,15.1
1,M01T04,Terrestre,175,J,TN3500_175_J,1592.0,14.0,15.2,15.0,16.0,260.0,40.0,45.0,40.0,43.0,0.0,0.0,0.0,0.0,0.0,0.0,0.0,0.0,5.0,8.0,5.0,2.0,95.0,92.0,95.0,98.0,2.0,1.0,2.5,3.0,8.0,20.0,20.0,20.0,17.0,13.65322917,100.0,1.0,,,FOM,,,11/13/2020,5.0,95.0,8.5
1,M01T04,Terrestre,225,J,TN3500_225_J,1592.0,14.0,10.0,8.8,13.4,270.0,40.0,40.0,35.0,40.0,0.0,0.0,0.0,0.0,0.0,0.0,0.0,0.0,5.0,8.0,1.0,1.0,95.0,92.0,99.0,99.0,2.5,2.0,2.5,4.5,0.0,0.0,0.0,0.0,11.0,18.57239583,100.0,1.0,,,FOM,,,11/13/2020,3.75,96.25,11.5
1,M01T04,Terrestre,25,M,TN3500_25_M,1592.0,21.0,16.8,24.0,18.0,200.0,18.0,25.0,30.0,18.0,0.0,0.0,0.0,0.0,0.0,0.0,0.0,0.0,6.0,10.0,5.0,5.0,94.0,90.0,95.0,95.0,2.0,3.0,2.0,2.5,0.0,0.0,0.0,0.0,10.0,30.4171875,100.0,1.0,,,FOM,,,11/13/2020,6.5,93.5,9.5
1,M01T04,Terrestre,75,M,TN3500_75_M,1592.0,12.0,12.0,12.0,12.0,210.0,18.0,51.0,51.0,45.0,0.0,0.0,0.0,0.0,0.0,0.0,0.0,0.0,0.0,0.0,0.0,0.0,100.0,100.0,100.0,100.0,4.0,3.0,5.0,7.0,0.0,0.0,0.0,0.0,11.0,24.39447917,100.0,1.0,,,FOM,,,11/13/2020,0.0,100.0,19.0
1,M01T04,Terrestre,125,M,TN3500_125_M,1592.0,7.0,6.0,16.0,19.0,280.0,30.0,20.0,31.0,13.0,0.0,0.0,0.0,0.0,0.0,0.0,0.0,0.0,0.0,0.0,0.0,0.0,100.0,100.0,100.0,100.0,5.0,8.5,8.0,5.0,70.0,60.0,80.0,8.0,15.0,11.511875,100.0,1.0,,,FOM,,,11/13/2020,0.0,100.0,26.5
1,M01T04,Terrestre,175,M,TN3500_175_M,1592.0,12.0,18.0,16.3,11.4,255.0,16.0,23.0,29.0,40.0,0.0,0.0,0.0,0.0,0.0,0.0,0.0,0.0,0.0,0.0,0.0,0.0,100.0,100.0,100.0,100.0,5.1,4.1,6.0,4.5,0.0,0.0,0.0,0.0,11.0,28.87197917,100.0,1.0,,,FOM,,,11/13/2020,0.0,100.0,19.7
1,M01T04,Terrestre,225,M,TN3500_225_M,1592.0,20.0,15.0,13.0,18.0,250.0,32.0,35.0,35.0,35.0,0.0,0.0,0.0,0.0,0.0,0.0,0.0,0.0,5.0,8.0,5.0,2.0,95.0,92.0,95.0,98.0,4.6,3.2,7.0,2.5,15.0,35.0,50.0,60.0,18.0,10.569375,100.0,1.0,,,FOM,,,11/13/2020,5.0,95.0,17.3
1,M01T05,Terrestre,25,J,TN4500_25_J,1528.0,17.0,16.0,4.0,0.5,350.0,1.0,8.0,7.0,9.0,50.0,15.0,15.0,5.0,0.0,0.0,0.0,0.0,10.0,0.0,5.0,1.0,40.0,85.0,80.0,94.0,3.0,2.0,3.0,3.0,5.0,70.0,20.0,40.0,10.0,32.8725,100.0,1.0,,,FOM-CAMPO,,,10/31/2020,4.0,74.75,11.0
1,M01T05,Terrestre,75,J,TN4500_75_J,1528.0,2.0,2.0,1.5,1.5,348.0,25.0,30.0,25.0,25.0,0.0,0.0,0.0,0.0,0.0,0.0,0.0,0.0,3.0,5.0,2.0,1.0,97.0,95.0,98.0,99.0,1.2,5.0,4.0,4.0,20.0,50.0,45.0,55.0,11.0,28.60479167,100.0,1.0,,,FOM-CAMPO,,,10/31/2020,2.75,97.25,14.2
1,M01T05,Terrestre,125,J,TN4500_125_J,1528.0,1.8,1.8,1.8,1.8,350.0,51.0,51.0,51.0,51.0,0.0,0.0,0.0,0.0,0.0,0.0,0.0,0.0,100.0,100.0,100.0,100.0,0.0,0.0,0.0,0.0,0.0,0.0,0.0,0.0,0.0,0.0,0.0,0.0,0.0,100.0,100.0,1.0,,,FOM-CAMPO,Alt campo:50 cm,banhado,10/31/2020,100.0,0.0,0.0
1,M01T05,Terrestre,175,J,TN4500_175_J,1528.0,3.0,3.0,3.0,3.0,350.0,5.0,4.0,15.0,10.0,20.0,15.0,0.0,25.0,65.0,60.0,5.0,70.0,15.0,25.0,95.0,5.0,0.0,0.0,0.0,0.0,0.0,0.0,0.0,0.0,0.0,0.0,0.0,0.0,5.0,88.46041667,100.0,1.0,,,FOM-CAMPO,,,10/31/2020,35.0,0.0,0.0
1,M01T05,Terrestre,225,J,TN4500_225_J,1528.0,34.0,18.0,24.0,33.9,30.0,11.0,30.0,16.0,35.0,35.0,5.0,0.0,5.0,0.0,0.0,10.0,10.0,0.0,0.0,0.0,0.0,65.0,95.0,90.0,85.0,5.0,7.0,6.0,3.0,40.0,35.0,70.0,10.0,13.0,15.538125,100.0,1.0,,,FOM-CAMPO,200-230 javali,,10/31/2020,0.0,83.75,21.0
1,M01T05,Terrestre,25,M,TN4500_25_M,1528.0,3.0,3.0,3.0,3.0,20.0,6.0,10.0,15.0,13.0,60.0,0.0,0.0,0.0,0.0,0.0,0.0,0.0,40.0,100.0,100.0,100.0,0.0,0.0,0.0,0.0,0.0,0.0,0.0,0.0,0.0,0.0,0.0,0.0,0.0,100.0,100.0,1.0,,,FOM-CAMPO,banhado,alt campo: 13cm,10/31/2020,85.0,0.0,0.0
1,M01T05,Terrestre,75,M,TN4500_75_M,1528.0,5.0,5.0,5.0,5.0,348.0,20.0,20.0,30.0,20.0,0.0,0.0,0.0,0.0,0.0,0.0,0.0,0.0,100.0,100.0,100.0,100.0,0.0,0.0,0.0,0.0,0.0,0.0,0.0,0.0,0.0,0.0,0.0,0.0,3.0,79.50291667,100.0,1.0,,,FOM-CAMPO,borda banhado,alt campo 30 cm,10/31/2020,100.0,0.0,0.0
1,M01T05,Terrestre,125,M,TN4500_125_M,1528.0,1.8,1.8,1.8,1.8,360.0,51.0,51.0,51.0,51.0,0.0,0.0,0.0,0.0,0.0,0.0,0.0,0.0,100.0,100.0,100.0,100.0,0.0,0.0,0.0,0.0,0.0,0.0,0.0,0.0,0.0,0.0,0.0,0.0,0.0,100.0,100.0,1.0,,,FOM-CAMPO,,,10/31/2020,100.0,0.0,0.0
1,M01T05,Terrestre,175,M,TN4500_175_M,1528.0,4.0,4.0,4.0,4.0,15.0,51.0,51.0,51.0,51.0,0.0,0.0,0.0,0.0,0.0,0.0,0.0,0.0,100.0,100.0,100.0,100.0,0.0,0.0,0.0,0.0,0.0,0.0,0.0,0.0,0.0,0.0,0.0,0.0,0.0,100.0,100.0,1.0,,,FOM-CAMPO,,,10/31/2020,100.0,0.0,0.0
1,M01T05,Terrestre,225,M,TN4500_225_M,1528.0,6.0,1.0,0.5,3.7,48.0,29.0,30.0,18.0,36.0,0.0,0.0,0.0,0.0,0.0,0.0,0.0,0.0,8.0,80.0,10.0,2.0,92.0,20.0,90.0,98.0,4.0,1.0,3.0,2.4,0.0,0.0,0.0,0.0,4.5,89.26020833,100.0,1.0,,,FOM-CAMPO,,,10/31/2020,25.0,75.0,10.4
1,M01T06,Terrestre,25,J,TS500_25_J,1500.0,28.5,23.0,6.0,3.0,25.0,5.0,9.0,5.0,23.0,15.0,60.0,6.0,0.0,77.0,32.0,82.0,92.0,8.0,8.0,12.0,8.0,0.0,0.0,0.0,0.0,0.0,0.0,0.0,0.0,0.0,0.0,0.0,0.0,2.0,99.0875,100.0,1.0,,,CAMPO,,,,9.0,0.0,0.0
1,M01T06,Terrestre,75,J,TS500_75_J,1500.0,6.5,1.0,3.0,3.0,40.0,13.0,25.0,23.0,27.0,0.0,22.0,6.0,15.0,32.0,73.0,79.0,45.0,8.0,5.0,15.0,40.0,60.0,0.0,0.0,0.0,3.0,0.0,0.0,0.0,0.0,0.0,0.0,0.0,2.0,100.0,100.0,1.0,,,CAMPO,Valeta nesse ponto,,,17.0,15.0,3.0
1,M01T06,Terrestre,125,J,TS500_125_J,1500.0,4.0,4.0,4.0,4.0,305.0,33.0,34.0,29.0,24.0,0.0,0.0,0.0,0.0,0.0,0.0,0.0,0.0,45.0,15.0,10.0,10.0,55.0,85.0,90.0,90.0,0.4,0.5,1.2,1.0,0.0,0.0,0.0,0.0,3.0,97.64291667,100.0,1.0,,,CAMPO,Gado em toda parcela,,,20.0,80.0,3.1
1,M01T06,Terrestre,175,J,TS500_175_J,1500.0,4.0,3.0,1.5,0.5,42.0,21.0,14.0,31.0,5.0,0.0,0.0,50.0,80.0,0.0,0.0,0.0,0.0,8.0,10.0,15.0,6.0,92.0,90.0,35.0,14.0,0.5,2.0,0.3,0.5,0.0,0.0,0.0,0.0,2.5,77.2871875,100.0,1.0,,,CAMPO,,,,9.75,57.75,3.3
1,M01T06,Terrestre,225,J,TS500_225_J,1500.0,23.0,23.0,23.0,23.0,66.0,0.0,0.0,0.0,0.0,100.0,100.0,100.0,100.0,0.0,0.0,0.0,0.0,0.0,0.0,0.0,0.0,0.0,0.0,0.0,0.0,0.0,0.0,0.0,0.0,0.0,0.0,0.0,0.0,3.0,100.0,100.0,1.0,,,CAMPO,,,,0.0,0.0,0.0
1,M01T06,Terrestre,25,M,TS500_25_M,1500.0,18.8,2.0,6.7,8.6,25.0,51.0,51.0,51.0,51.0,0.0,0.0,0.0,0.0,0.0,8.0,10.0,10.0,0.5,3.0,1.0,3.0,99.5,89.0,89.0,87.0,2.5,3.0,1.0,0.5,0.0,0.0,0.0,0.5,4.0,96.836875,100.0,1.0,,,CAMPO,,,,1.875,91.125,7.0
1,M01T06,Terrestre,75,M,TS500_75_M,1500.0,14.0,3.0,6.5,9.0,48.0,38.0,49.0,38.0,25.0,0.0,0.0,0.0,0.0,0.0,25.0,75.0,60.0,10.0,60.0,20.0,30.0,90.0,15.0,5.0,10.0,1.6,1.4,0.5,2.2,0.0,0.0,0.0,0.0,2.0,100.0,100.0,1.0,,,CAMPO,,,,30.0,30.0,5.7
1,M01T06,Terrestre,125,M,TS500_125_M,1500.0,7.0,1.5,8.4,3.5,20.0,40.0,40.0,40.0,40.0,0.0,0.0,0.0,0.0,0.0,0.0,0.0,0.0,25.0,8.0,7.0,4.0,75.0,92.0,93.0,96.0,1.2,1.5,1.1,1.5,0.0,0.0,0.0,0.0,2.5,86.2225,100.0,1.0,,,CAMPO,,,,11.0,89.0,5.300000000000001
1,M01T06,Terrestre,175,M,TS500_175_M,1500.0,3.0,1.5,6.0,4.0,340.0,51.0,51.0,51.0,51.0,0.0,0.0,0.0,0.0,0.0,0.0,0.0,0.0,4.0,4.0,5.0,8.0,96.0,96.0,95.0,92.0,1.5,2.5,1.0,1.5,0.0,0.0,0.0,0.0,2.0,93.798125,100.0,1.0,,,CAMPO,,,,5.25,94.75,6.5
1,M01T06,Terrestre,225,M,TS500_225_M,1500.0,10.0,8.0,10.0,13.0,44.0,32.0,29.0,34.0,32.0,0.0,0.0,0.0,0.0,20.0,0.0,0.0,0.0,2.0,1.0,2.0,6.0,78.0,99.0,98.0,94.0,0.5,0.4,1.5,1.0,0.0,6.0,0.0,0.0,12.0,51.5171875,100.0,1.0,,,CAMPO,,,,2.75,92.25,3.4
1,M01T07,Terrestre,25,J,TS1500_25_J,1553.0,36.8,36.8,36.8,36.8,320.0,25.0,25.0,25.0,25.0,0.0,0.0,0.0,0.0,0.0,0.0,0.0,0.0,3.0,3.0,5.0,2.0,97.0,97.0,95.0,98.0,2.0,3.0,5.0,3.0,3.0,5.0,10.0,15.0,13.0,19.78604167,100.0,1.0,,,FOM,,,,3.25,96.75,13.0
1,M01T07,Terrestre,75,J,TS1500_75_J,1553.0,38.1,38.1,38.1,38.1,320.0,11.0,11.0,11.0,11.0,0.0,0.0,0.0,0.0,0.0,0.0,0.0,0.0,1.0,2.0,3.0,1.0,99.0,98.0,97.0,99.0,2.5,3.0,4.0,2.5,0.0,0.0,0.0,0.0,12.0,16.85770833,100.0,1.0,,,FOM,,,,1.75,98.25,12.0
1,M01T07,Terrestre,125,J,TS1500_125_J,1553.0,30.9,30.9,30.9,30.9,320.0,23.5,23.5,23.5,23.5,0.0,0.0,0.0,0.0,0.0,0.0,0.0,0.0,2.0,0.0,3.0,5.0,98.0,100.0,97.0,95.0,5.0,8.0,5.2,5.0,0.0,0.0,0.0,0.0,8.0,10.548125,100.0,1.0,,,FOM,,,,2.5,97.5,23.2
1,M01T07,Terrestre,175,J,TS1500_175_J,1553.0,18.9,18.9,18.9,18.9,320.0,19.5,19.5,19.5,19.5,0.0,0.0,0.0,0.0,0.0,0.0,0.0,0.0,10.0,3.0,5.0,5.0,90.0,97.0,95.0,95.0,3.2,5.0,3.0,4.0,0.0,0.0,0.0,0.0,11.0,12.97854167,100.0,1.0,,,FOM,,,,5.75,94.25,15.2
1,M01T07,Terrestre,225,J,TS1500_225_J,1553.0,30.1,30.1,30.1,30.1,320.0,25.0,25.0,25.0,25.0,0.0,20.0,0.0,0.0,0.0,0.0,0.0,0.0,10.0,10.0,2.0,5.0,90.0,70.0,98.0,95.0,8.0,6.0,6.3,5.0,0.0,0.0,0.0,0.0,8.0,9.7503125,100.0,1.0,,,FOM,,,,6.75,88.25,25.3
1,M01T07,Terrestre,25,M,TS1500_25_M,1553.0,36.0,36.0,36.0,36.0,320.0,23.0,23.0,23.0,23.0,0.0,0.0,0.0,0.0,9.0,5.0,0.0,10.0,8.0,3.0,3.0,5.0,83.0,92.0,97.0,85.0,4.5,5.0,4.0,4.0,8.0,0.0,0.0,10.0,14.0,14.91083333,100.0,1.0,,,FOM,,,,4.75,89.25,17.5
1,M01T07,Terrestre,75,M,TS1500_75_M,1553.0,25.9,25.9,25.9,25.9,320.0,10.0,10.0,10.0,10.0,0.0,0.0,0.0,3.0,0.0,0.0,0.0,0.0,10.0,15.0,5.0,3.0,90.0,85.0,95.0,94.0,2.0,1.5,1.5,3.0,0.0,0.0,3.0,3.0,9.5,16.689375,100.0,1.0,,,FOM,,,,8.25,91.0,8.0
1,M01T07,Terrestre,125,M,TS1500_125_M,1553.0,32.9,32.9,32.9,32.9,320.0,19.0,19.0,19.0,19.0,0.0,0.0,0.0,0.0,0.0,0.0,0.0,0.0,3.0,5.0,10.0,8.0,97.0,95.0,90.0,92.0,4.0,1.0,2.0,7.0,0.0,0.0,0.0,3.0,7.0,12.024375,100.0,1.0,,,FOM,,,,6.5,93.5,14.0
1,M01T07,Terrestre,175,M,TS1500_175_M,1553.0,20.7,20.7,20.7,20.7,320.0,30.0,30.0,30.0,30.0,0.0,0.0,0.0,0.0,0.0,0.0,0.0,0.0,3.0,5.0,2.0,2.0,97.0,95.0,98.0,98.0,3.5,4.1,4.0,3.5,2.0,0.0,0.0,0.0,12.0,14.59,100.0,1.0,,,FOM,,,,3.0,97.0,15.1
1,M01T07,Terrestre,225,M,TS1500_225_M,1553.0,30.4,30.4,30.4,30.4,320.0,16.3,16.3,16.3,16.3,0.0,0.0,0.0,0.0,0.0,0.0,0.0,0.0,1.0,5.0,2.0,1.0,99.0,95.0,98.0,99.0,5.0,3.5,4.2,4.0,6.0,3.0,10.0,13.0,12.0,6.725,100.0,1.0,,,FOM,,,,2.25,97.75,16.7
1,M01T08,Terrestre,25,J,TS2500_25_J,1625.0,14.0,12.0,9.5,5.0,340.0,51.0,51.0,20.0,40.0,0.0,0.0,0.0,0.0,0.0,0.0,0.0,0.0,5.0,0.0,10.0,5.0,95.0,100.0,90.0,95.0,2.2,2.6,3.3,3.7,90.0,90.0,80.0,85.0,14.0,10.06177083,100.0,1.0,,,FOM,corte seletivo (25 j),,11/1/2020,5.0,95.0,11.8
1,M01T08,Terrestre,75,J,TS2500_75_J,1625.0,7.0,12.0,14.0,5.0,320.0,10.0,6.0,8.0,12.0,35.0,0.0,0.0,0.0,0.0,0.0,0.0,0.0,35.0,20.0,12.0,20.0,30.0,80.0,88.0,80.0,2.1,2.6,4.0,2.4,2.0,2.0,3.0,0.0,12.0,27.02927083,100.0,1.0,,,FOM,,,11/1/2020,21.75,69.5,11.1
1,M01T08,Terrestre,125,J,TS2500_125_J,1625.0,19.0,22.5,18.0,27.0,330.0,51.0,51.0,51.0,51.0,0.0,0.0,0.0,0.0,0.0,0.0,0.0,5.0,10.0,10.0,5.0,3.0,90.0,90.0,95.0,92.0,3.6,3.3,2.8,1.8,3.0,0.0,8.0,0.0,15.0,9.1425,100.0,1.0,,,FOM,,,11/1/2020,7.0,91.75,11.5
1,M01T08,Terrestre,175,J,TS2500_175_J,1625.0,18.0,80.0,20.0,10.0,320.0,35.0,25.0,40.0,15.0,0.0,0.0,0.0,0.0,0.0,0.0,0.0,0.0,3.0,5.0,0.0,0.0,97.0,95.0,100.0,100.0,2.0,2.5,4.0,3.0,75.0,95.0,100.0,100.0,16.0,23.065625,100.0,1.0,,,FOM,,,11/1/2020,2.0,98.0,11.5
1,M01T08,Terrestre,225,J,TS2500_225_J,1625.0,3.0,14.0,5.0,10.0,352.0,51.0,28.0,30.0,35.0,0.0,5.0,50.0,0.0,0.0,0.0,0.0,0.0,12.0,20.0,5.0,3.0,88.0,75.0,45.0,97.0,2.5,3.1,3.5,3.2,35.0,46.0,30.0,25.0,16.0,9.468541667,100.0,1.0,,,FOM,,,11/1/2020,10.0,76.25,12.3
1,M01T08,Terrestre,25,M,TS2500_25_M,1625.0,3.5,17.0,21.0,13.0,318.0,19.0,22.0,25.0,51.0,0.0,0.0,0.0,0.0,0.0,0.0,0.0,0.0,5.0,2.0,2.0,1.0,95.0,98.0,98.0,99.0,5.0,6.0,5.0,4.0,10.0,0.0,0.0,3.0,15.0,19.77770833,100.0,1.0,,,FOM,,,11/1/2020,2.5,97.5,20.0
1,M01T08,Terrestre,75,M,TS2500_75_M,1625.0,4.5,4.5,4.5,4.5,315.0,29.0,51.0,40.0,40.0,0.0,0.0,0.0,0.0,0.0,0.0,0.0,0.0,0.0,1.0,5.0,0.0,100.0,99.0,95.0,100.0,6.0,3.3,4.5,4.5,100.0,99.0,95.0,100.0,16.0,13.29833333,100.0,1.0,,,FOM,,,11/1/2020,1.5,98.5,18.3
1,M01T08,Terrestre,125,M,TS2500_125_M,1625.0,23.0,25.0,12.0,7.0,320.0,25.0,25.0,51.0,30.0,0.0,0.0,0.0,0.0,0.0,0.0,0.0,0.0,15.0,15.0,15.0,15.0,85.0,85.0,85.0,85.0,4.2,5.1,4.4,5.0,0.0,0.0,0.0,0.0,12.0,11.68427083,100.0,1.0,,,FOM,,,11/1/2020,15.0,85.0,18.700000000000003
1,M01T08,Terrestre,175,M,TS2500_175_M,1625.0,3.0,10.0,16.0,15.5,50.0,15.0,35.0,20.0,10.0,0.0,0.0,0.0,0.0,0.0,0.0,0.0,0.0,5.0,5.0,15.0,18.0,95.0,95.0,85.0,82.0,1.5,4.0,2.5,5.2,95.0,80.0,50.0,35.0,15.0,15.50375,100.0,1.0,,,FOM,,,11/1/2020,10.75,89.25,13.2
1,M01T08,Terrestre,225,M,TS2500_225_M,1625.0,16.0,7.0,15.0,4.5,315.0,40.0,51.0,35.0,51.0,0.0,0.0,0.0,0.0,0.0,0.0,0.0,0.0,6.0,6.0,3.0,2.0,94.0,94.0,97.0,98.0,2.0,2.0,3.0,1.1,3.0,2.0,0.0,0.0,8.0,7.392916667,100.0,1.0,,,FOM,,,11/1/2020,4.25,95.75,8.1
1,M01T09,Terrestre,25,J,TS3500_25_J,1640.0,5.0,16.0,3.0,10.0,305.0,20.0,15.0,10.0,10.0,0.0,0.0,0.0,0.0,0.0,0.0,0.0,0.0,5.0,5.0,5.0,5.0,95.0,95.0,95.0,95.0,4.0,6.0,4.0,5.5,0.0,0.0,0.0,0.0,5.0,40.96416667,100.0,1.0,,,FOM-CAMPO,,,,5.0,95.0,19.5
1,M01T09,Terrestre,75,J,TS3500_75_J,1640.0,16.0,10.0,16.0,10.0,295.0,15.0,10.0,9.0,8.0,0.0,0.0,0.0,0.0,0.0,0.0,0.0,0.0,0.0,5.0,4.0,8.0,100.0,95.0,96.0,92.0,4.0,4.5,2.0,5.0,0.0,0.0,0.0,0.0,4.5,21.05125,100.0,1.0,,,FOM-CAMPO,,,,4.25,95.75,15.5
1,M01T09,Terrestre,125,J,TS3500_125_J,1640.0,6.0,7.0,6.0,0.0,335.0,51.0,51.0,51.0,51.0,0.0,0.0,0.0,0.0,0.0,0.0,0.0,0.0,80.0,90.0,50.0,60.0,20.0,10.0,50.0,40.0,2.0,3.5,2.0,4.0,0.0,0.0,0.0,0.0,6.0,33.87083333,100.0,1.0,,,FOM-CAMPO,,,,70.0,30.0,11.5
1,M01T09,Terrestre,175,J,TS3500_175_J,1640.0,18.0,8.0,7.0,6.5,40.0,51.0,51.0,51.0,51.0,0.0,0.0,0.0,0.0,91.0,92.0,60.0,57.0,6.0,0.0,10.0,3.0,3.0,8.0,30.0,40.0,0.5,0.5,0.5,0.5,0.0,0.0,0.0,0.0,5.0,78.15427083,100.0,1.0,,,FOM-CAMPO,,baccharis queimado,,4.75,20.25,2.0
1,M01T09,Terrestre,225,J,TS3500_225_J,1640.0,0.0,4.0,9.0,5.0,80.0,32.0,30.0,35.0,33.0,0.0,0.0,0.0,0.0,87.0,90.0,92.0,92.0,13.0,10.0,8.0,8.0,0.0,0.0,0.0,0.0,0.0,0.0,0.0,0.0,0.0,0.0,0.0,0.0,2.5,100.0,100.0,1.0,,,FOM-CAMPO,,baccharis queimado,,9.75,0.0,0.0
1,M01T09,Terrestre,25,M,TS3500_25_M,1640.0,6.0,11.0,6.0,13.0,315.0,15.0,8.0,12.0,11.0,0.0,0.0,0.0,0.0,0.0,0.0,0.0,0.0,50.0,40.0,15.0,15.0,50.0,60.0,85.0,85.0,2.0,2.0,3.0,3.0,0.0,0.0,0.0,0.0,8.0,29.38947917,100.0,1.0,,,FOM-CAMPO,20-30 fogo dist 10 a 20 m,,,30.0,70.0,10.0
1,M01T09,Terrestre,75,M,TS3500_75_M,1640.0,15.0,7.0,7.0,1.0,285.0,51.0,51.0,51.0,51.0,0.0,0.0,0.0,0.0,0.0,0.0,0.0,0.0,100.0,100.0,100.0,100.0,0.0,0.0,0.0,0.0,0.0,0.0,0.0,0.0,0.0,0.0,0.0,0.0,9.0,49.775,100.0,1.0,,,FOM-CAMPO,,,,100.0,0.0,0.0
1,M01T09,Terrestre,125,M,TS3500_125_M,1640.0,2.5,2.5,2.5,2.5,340.0,4.0,6.0,10.0,7.0,0.0,0.0,0.0,0.0,5.0,95.0,40.0,20.0,10.0,5.0,30.0,15.0,85.0,0.0,30.0,65.0,0.5,0.0,1.5,1.0,0.0,0.0,0.0,0.0,7.0,15.1515625,100.0,1.0,,,FOM-CAMPO,120-130m - javali,javali,,15.0,45.0,3.0
1,M01T09,Terrestre,175,M,TS3500_175_M,1640.0,16.0,8.0,9.0,8.0,40.0,51.0,51.0,51.0,45.0,0.0,0.0,0.0,0.0,98.0,95.0,90.0,92.0,2.0,5.0,10.0,8.0,0.0,0.0,0.0,0.0,0.0,0.0,0.0,0.0,0.0,0.0,0.0,0.0,2.5,97.56145833,100.0,1.0,,,FOM-CAMPO,,baccharis queimado,,6.25,0.0,0.0
1,M01T09,Terrestre,225,M,TS3500_225_M,1640.0,6.5,14.0,3.0,6.0,80.0,35.0,20.0,15.0,30.0,0.0,0.0,0.0,0.0,60.0,65.0,70.0,80.0,40.0,35.0,30.0,20.0,0.0,0.0,0.0,0.0,0.0,0.0,0.0,0.0,0.0,0.0,0.0,0.0,2.5,100.0,100.0,1.0,,,FOM-CAMPO,240-250j - javalis,baccharis queimado,,31.25,0.0,0.0
1,M01T10,Terrestre,25,J,TS4500_25_J,1670.0,3.0,6.7,3.5,8.1,330.0,33.0,33.0,36.0,30.0,0.0,0.0,0.0,0.0,50.0,60.0,65.0,85.0,50.0,40.0,35.0,15.0,0.0,0.0,0.0,0.0,0.0,0.0,0.0,0.0,0.0,0.0,0.0,0.0,0.0,100.0,100.0,1.0,,,CAMPO,,,10/31/2020,35.0,0.0,0.0
1,M01T10,Terrestre,75,J,TS4500_75_J,1670.0,11.0,2.0,7.0,1.2,300.0,40.0,40.0,39.0,47.0,0.0,0.0,0.0,0.0,85.0,80.0,85.0,95.0,15.0,20.0,15.0,5.0,0.0,0.0,0.0,0.0,0.0,0.0,0.0,0.0,0.0,0.0,0.0,0.0,0.0,100.0,100.0,1.0,,,CAMPO,,,10/31/2020,13.75,0.0,0.0
1,M01T10,Terrestre,125,J,TS4500_125_J,1670.0,6.2,8.5,7.0,0.0,300.0,18.0,24.0,21.0,21.0,0.0,0.0,0.0,0.0,15.0,10.0,45.0,70.0,85.0,90.0,55.0,30.0,0.0,0.0,0.0,0.0,0.0,0.0,0.0,0.0,0.0,0.0,0.0,0.0,0.0,100.0,100.0,1.0,,,CAMPO,,,10/31/2020,65.0,0.0,0.0
1,M01T10,Terrestre,175,J,TS4500_175_J,1670.0,6.6,6.0,1.6,5.5,255.0,25.0,30.0,10.0,20.0,0.0,0.0,15.0,0.0,80.0,60.0,50.0,60.0,20.0,40.0,35.0,40.0,0.0,0.0,0.0,0.0,0.0,0.0,0.0,0.0,0.0,0.0,0.0,0.0,0.0,100.0,100.0,1.0,,,CAMPO,,,10/31/2020,33.75,0.0,0.0
1,M01T10,Terrestre,225,J,TS4500_225_J,1670.0,9.0,3.0,2.0,5.0,250.0,25.0,20.0,40.0,20.0,0.0,0.0,0.0,0.0,85.0,35.0,70.0,75.0,15.0,65.0,30.0,25.0,0.0,0.0,0.0,0.0,0.0,0.0,0.0,0.0,0.0,0.0,0.0,0.0,0.0,100.0,100.0,1.0,,,CAMPO,,,10/31/2020,33.75,0.0,0.0
1,M01T10,Terrestre,25,M,TS4500_25_M,1670.0,10.3,13.0,4.1,6.4,290.0,44.0,48.0,41.0,30.0,0.0,0.0,0.0,0.0,40.0,30.0,40.0,50.0,60.0,70.0,60.0,50.0,0.0,0.0,0.0,0.0,0.0,0.0,0.0,0.0,0.0,0.0,0.0,0.0,0.0,100.0,100.0,1.0,,,CAMPO,,,10/31/2020,60.0,0.0,0.0
1,M01T10,Terrestre,75,M,TS4500_75_M,1670.0,12.5,8.5,19.3,8.3,315.0,17.0,24.0,21.0,20.0,0.0,0.0,0.0,0.0,96.0,92.0,90.0,96.0,4.0,8.0,10.0,4.0,0.0,0.0,0.0,0.0,0.0,0.0,0.0,0.0,0.0,0.0,0.0,0.0,0.0,100.0,100.0,1.0,,,CAMPO,,,10/31/2020,6.5,0.0,0.0
1,M01T10,Terrestre,125,M,TS4500_125_M,1670.0,3.4,2.2,7.0,5.5,300.0,34.0,34.0,34.0,35.0,0.0,0.0,0.0,0.0,83.0,67.0,82.0,50.0,17.0,33.0,18.0,50.0,0.0,0.0,0.0,0.0,0.0,0.0,0.0,0.0,0.0,0.0,0.0,0.0,0.0,100.0,100.0,1.0,,,CAMPO,,,10/31/2020,29.5,0.0,0.0
1,M01T10,Terrestre,175,M,TS4500_175_M,1670.0,0.9,0.8,12.0,8.6,270.0,40.0,35.0,30.0,51.0,0.0,0.0,0.0,0.0,60.0,20.0,80.0,75.0,40.0,10.0,15.0,25.0,0.0,70.0,5.0,0.0,0.0,0.5,0.5,0.0,0.0,0.0,0.0,0.0,0.0,100.0,100.0,1.0,,,CAMPO,,,10/31/2020,22.5,18.75,1.0
1,M01T10,Terrestre,225,M,TS4500_225_M,1670.0,1.1,0.5,0.5,16.0,250.0,51.0,51.0,51.0,51.0,0.0,0.0,0.0,0.0,70.0,80.0,80.0,85.0,30.0,20.0,20.0,15.0,0.0,0.0,0.0,0.0,0.0,0.0,0.0,0.0,0.0,0.0,0.0,0.0,0.0,100.0,100.0,1.0,,,CAMPO,,,10/31/2020,21.25,0.0,0.0
1,M01R04,Ripária,25,E,TS1845_25_E,1540.0,36.0,39.0,36.0,38.0,120.0,51.0,15.0,51.0,10.0,0.0,0.0,10.0,0.0,0.0,0.0,0.0,0.0,0.0,3.0,5.0,10.0,100.0,97.0,85.0,90.0,11.0,7.0,6.0,5.0,0.0,0.0,0.0,0.0,10.0,24.8484375,100.0,1.0,,,FOM,piq 40-70 varias arvores caidas,,11/1/2020,4.5,93.0,29.0
1,M01R04,Ripária,75,E,TS1845_75_E,1540.0,23.0,23.0,23.0,23.0,130.0,15.0,8.0,12.0,8.0,0.0,10.0,0.0,10.0,0.0,0.0,0.0,0.0,0.0,1.0,5.0,10.0,100.0,89.0,95.0,80.0,11.0,4.0,6.0,6.0,100.0,80.0,20.0,10.0,9.5,61.54041667,100.0,1.0,,,FOM,Arvore caida,,11/1/2020,4.0,91.0,27.0
1,M01R04,Ripária,125,E,TS1845_125_E,1540.0,0.0,0.0,0.0,0.0,90.0,0.0,0.0,0.0,0.0,100.0,100.0,100.0,100.0,0.0,0.0,0.0,0.0,0.0,0.0,0.0,0.0,0.0,0.0,0.0,0.0,0.0,0.0,0.0,0.0,0.0,0.0,0.0,0.0,5.5,18.7178125,100.0,1.0,,,FOM,,,11/1/2020,0.0,0.0,0.0
1,M01R04,Ripária,175,E,TS1845_175_E,1540.0,10.6,10.6,10.6,10.6,0.0,5.0,4.0,6.0,5.0,30.0,20.0,50.0,20.0,0.0,0.0,0.0,0.0,0.0,0.0,5.0,20.0,70.0,80.0,45.0,60.0,3.0,3.0,3.0,1.0,0.0,5.0,3.0,0.0,6.0,30.378125,100.0,1.0,,,FOM,,,11/1/2020,6.25,63.75,10.0
1,M01R04,Ripária,225,E,TS1845_225_E,1540.0,16.0,15.0,13.0,15.0,0.0,51.0,51.0,51.0,51.0,0.0,0.0,0.0,0.0,0.0,0.0,0.0,0.0,5.0,8.0,10.0,5.0,95.0,92.0,90.0,95.0,4.0,1.5,3.0,1.9,0.0,1.0,0.0,1.0,7.0,25.98447917,100.0,1.0,,,FOM,,,11/1/2020,7.0,93.0,10.4
1,M01R04,Ripária,25,D,TS1845_25_D,1540.0,13.0,20.0,10.0,24.0,330.0,51.0,51.0,13.0,8.0,0.0,0.0,6.0,40.0,0.0,0.0,0.0,0.0,15.0,8.0,10.0,8.0,85.0,92.0,84.0,52.0,2.5,3.0,1.5,2.0,3.0,0.0,40.0,3.0,12.0,9.3925,100.0,1.0,,,FOM,,,11/1/2020,10.25,78.25,9.0
1,M01R04,Ripária,75,D,TS1845_75_D,1540.0,17.0,17.0,17.0,17.0,0.0,40.0,20.0,13.0,40.0,10.0,50.0,50.0,20.0,0.0,0.0,0.0,0.0,8.0,1.0,4.0,0.0,82.0,49.0,46.0,80.0,6.0,8.0,4.5,6.0,28.0,9.0,12.0,20.0,17.0,21.9928125,100.0,1.0,,,FOM,,,11/1/2020,3.25,64.25,24.5
1,M01R04,Ripária,125,D,TS1845_125_D,1540.0,21.5,21.5,21.5,21.5,345.0,13.0,13.0,20.0,15.0,0.0,0.0,75.0,0.0,0.0,0.0,0.0,0.0,2.0,0.0,0.0,0.0,98.0,100.0,25.0,100.0,8.0,20.0,14.0,13.0,5.0,0.0,0.0,0.0,15.0,34.72177083,100.0,1.0,,,FOM,,,11/1/2020,0.5,80.75,55.0
1,M01R04,Ripária,175,D,TS1845_175_D,1540.0,22.0,22.0,22.0,22.0,315.0,51.0,51.0,51.0,51.0,0.0,0.0,0.0,0.0,0.0,0.0,0.0,0.0,95.0,80.0,97.0,100.0,5.0,20.0,3.0,0.0,5.0,5.0,5.0,5.0,5.0,20.0,3.0,0.0,17.0,40.480625,100.0,1.0,,,FOM,Arvore caida,,11/1/2020,93.0,7.0,20.0
1,M01R04,Ripária,225,D,TS1845_225_D,1540.0,11.0,11.0,11.0,11.0,315.0,45.0,10.0,0.0,5.0,0.0,90.0,100.0,5.0,0.0,0.0,0.0,0.0,12.0,0.0,0.0,15.0,88.0,10.0,0.0,80.0,1.0,0.0,0.0,1.0,0.0,0.0,0.0,0.0,11.0,10.37083333,100.0,1.0,,,FOM,,,11/1/2020,6.75,44.5,2.0
1,M01R04,Ripária,25,C,TS1845_25_C,1540.0,15.0,14.0,14.5,14.0,210.0,33.0,30.0,30.0,31.5,0.0,0.0,0.0,0.0,0.0,0.0,0.0,0.0,5.0,5.0,5.0,5.0,88.0,89.0,85.0,90.0,2.5,3.0,2.8,2.6,0.0,0.0,0.0,0.0,11.0,26.585,100.0,1.0,,,FOM,,,,5.0,88.0,10.9
1,M01R04,Ripária,75,C,TS1845_75_C,1540.0,15.0,14.0,14.5,14.0,210.0,33.0,30.0,30.0,31.5,0.0,0.0,0.0,0.0,0.0,0.0,0.0,0.0,5.0,5.0,5.0,5.0,88.0,89.0,85.0,90.0,2.5,3.0,2.8,2.6,0.0,0.0,0.0,0.0,11.0,26.705,100.0,1.0,,,FOM,,,,5.0,88.0,10.9
1,M01R04,Ripária,125,C,TS1845_125_C,1540.0,15.0,14.0,14.5,14.0,210.0,33.0,30.0,30.0,31.5,0.0,0.0,0.0,0.0,0.0,0.0,0.0,0.0,5.0,5.0,5.0,5.0,88.0,89.0,85.0,90.0,2.5,3.0,2.8,2.6,0.0,0.0,0.0,0.0,11.0,13.70479167,100.0,1.0,,,FOM,,,,5.0,88.0,10.9
1,M01R04,Ripária,175,C,TS1845_175_C,1540.0,15.0,14.0,14.5,14.0,210.0,33.0,30.0,30.0,31.5,0.0,0.0,0.0,0.0,0.0,0.0,0.0,0.0,5.0,5.0,5.0,5.0,88.0,89.0,85.0,90.0,2.5,3.0,2.8,2.6,0.0,0.0,0.0,0.0,11.0,29.58375,100.0,1.0,,,FOM,,,,5.0,88.0,10.9
1,M01R04,Ripária,225,C,TS1845_225_C,1540.0,15.0,14.0,14.5,14.0,210.0,33.0,30.0,30.0,31.5,0.0,0.0,0.0,0.0,0.0,0.0,0.0,0.0,5.0,5.0,5.0,5.0,88.0,89.0,85.0,90.0,2.5,3.0,2.8,2.6,0.0,0.0,0.0,0.0,11.0,9.881145833,100.0,1.0,,,FOM,,,,5.0,88.0,10.9
1,M01R01,Ripária,25,E,TN1169_25_E,1390.0,0.1,0.1,0.1,0.1,360.0,28.0,20.0,12.0,8.0,0.0,0.0,0.0,0.0,0.0,0.0,0.0,0.0,92.0,90.0,95.0,95.0,8.0,10.0,5.0,5.0,1.0,4.0,1.5,4.0,8.0,0.0,1.0,8.0,12.0,42.37479167,100.0,1.0,,,FOM,,,11/2/2020,93.0,7.0,10.5
1,M01R01,Ripária,75,E,TN1169_75_E,1390.0,1.0,1.0,1.0,1.0,340.0,22.0,6.0,6.0,12.0,0.0,0.0,0.0,0.0,0.0,0.0,0.0,0.0,10.0,10.0,20.0,8.0,90.0,90.0,80.0,92.0,3.5,3.5,1.5,2.2,70.0,8.0,18.0,20.0,17.0,42.3790625,100.0,1.0,,,FOM,,,11/2/2020,12.0,88.0,10.7
1,M01R01,Ripária,125,E,TN1169_125_E,1390.0,5.0,5.0,5.0,5.0,30.0,51.0,51.0,20.0,20.0,0.0,0.0,0.0,0.0,0.0,0.0,0.0,0.0,50.0,50.0,30.0,50.0,50.0,50.0,70.0,50.0,0.9,0.5,2.0,2.5,0.0,15.0,0.0,8.0,17.0,61.99729167,100.0,1.0,,,FOM,,,11/2/2020,45.0,55.0,5.9
1,M01R01,Ripária,175,E,TN1169_175_E,1390.0,3.0,3.0,3.0,3.0,60.0,2.0,8.0,12.0,25.0,0.0,10.0,20.0,5.0,5.0,5.0,5.0,5.0,50.0,8.0,10.0,15.0,45.0,77.0,65.0,75.0,0.5,1.5,1.0,2.0,5.0,0.0,0.0,2.0,12.0,59.72541667,100.0,1.0,,,FOM,Estrada 2m do rio,,11/2/2020,20.75,65.5,5.0
1,M01R01,Ripária,225,E,TN1169_225_E,1390.0,27.0,18.0,30.0,32.0,50.0,5.0,4.0,11.0,5.0,0.0,0.0,0.0,0.0,0.0,5.0,5.0,5.0,100.0,95.0,95.0,95.0,0.0,0.0,0.0,0.0,0.0,0.0,0.0,0.0,0.0,0.0,0.0,0.0,7.0,56.58666667,100.0,1.0,,,FOM,Estrada 2m do rio,,11/2/2020,96.25,0.0,0.0
1,M01R01,Ripária,25,D,TN1169_25_D,1390.0,15.5,20.0,13.0,18.0,225.0,30.0,35.0,51.0,51.0,0.0,0.0,0.0,0.0,0.0,0.0,0.0,0.0,20.0,10.0,0.0,2.0,80.0,90.0,100.0,98.0,5.5,5.0,5.0,5.4,30.0,20.0,15.0,8.0,11.0,36.3346875,100.0,1.0,,,FOM,,,11/2/2020,8.0,92.0,20.9
1,M01R01,Ripária,75,D,TN1169_75_D,1390.0,31.5,33.3,19.7,17.5,240.0,51.0,51.0,51.0,51.0,0.0,0.0,0.0,0.0,0.0,0.0,0.0,0.0,1.0,3.0,4.0,5.0,99.0,97.0,96.0,95.0,2.0,3.0,2.5,1.5,0.0,0.0,5.0,2.0,15.0,15.69208333,100.0,1.0,,,FOM,,,11/2/2020,3.25,96.75,9.0
1,M01R01,Ripária,125,D,TN1169_125_D,1390.0,1.8,3.8,7.0,3.0,250.0,8.0,5.0,51.0,51.0,0.0,0.0,0.0,0.0,0.0,0.0,0.0,0.0,4.0,10.0,5.0,0.0,96.0,90.0,95.0,100.0,1.0,0.9,2.0,1.5,95.0,80.0,90.0,90.0,17.0,26.33416667,100.0,1.0,,,FOM,,,11/2/2020,4.75,95.25,5.4
1,M01R01,Ripária,175,D,TN1169_175_D,1390.0,0.1,0.1,0.1,0.1,210.0,25.0,24.0,21.0,20.0,0.0,0.0,0.0,0.0,0.0,0.0,0.0,0.0,30.0,10.0,10.0,40.0,70.0,90.0,90.0,60.0,1.5,2.0,2.8,1.5,5.0,25.0,40.0,15.0,18.0,18.71,100.0,1.0,,,FOM,,,11/2/2020,22.5,77.5,7.8
1,M01R01,Ripária,225,D,TN1169_225_D,1390.0,0.1,0.1,0.1,0.1,240.0,51.0,8.0,51.0,51.0,0.0,0.0,0.0,0.0,0.0,0.0,0.0,0.0,90.0,100.0,85.0,90.0,10.0,0.0,15.0,10.0,0.1,0.1,0.3,0.2,5.0,0.0,5.0,5.0,12.0,45.0859375,100.0,1.0,,,FOM,,,11/2/2020,91.25,8.75,0.7
1,M01R01,Ripária,25,C,TN1169_25_C,1390.0,15.0,14.0,14.5,14.0,210.0,33.0,30.0,30.0,31.5,0.0,0.0,0.0,0.0,0.0,0.0,0.0,0.0,5.0,5.0,5.0,5.0,88.0,89.0,85.0,90.0,2.5,3.0,2.8,2.6,0.0,0.0,0.0,0.0,11.0,73.80604167,100.0,1.0,,,FOM,,,,5.0,88.0,10.9
1,M01R01,Ripária,75,C,TN1169_75_C,1390.0,15.0,14.0,14.5,14.0,210.0,33.0,30.0,30.0,31.5,0.0,0.0,0.0,0.0,0.0,0.0,0.0,0.0,5.0,5.0,5.0,5.0,88.0,89.0,85.0,90.0,2.5,3.0,2.8,2.6,0.0,0.0,0.0,0.0,11.0,71.545,100.0,1.0,,,FOM,,,,5.0,88.0,10.9
1,M01R01,Ripária,125,C,TN1169_125_C,1390.0,15.0,14.0,14.5,14.0,210.0,33.0,30.0,30.0,31.5,0.0,0.0,0.0,0.0,0.0,0.0,0.0,0.0,5.0,5.0,5.0,5.0,88.0,89.0,85.0,90.0,2.5,3.0,2.8,2.6,0.0,0.0,0.0,0.0,11.0,42.45145833,100.0,1.0,,,FOM,,,,5.0,88.0,10.9
1,M01R01,Ripária,175,C,TN1169_175_C,1390.0,15.0,14.0,14.5,14.0,210.0,33.0,30.0,30.0,31.5,0.0,0.0,0.0,0.0,0.0,0.0,0.0,0.0,5.0,5.0,5.0,5.0,88.0,89.0,85.0,90.0,2.5,3.0,2.8,2.6,0.0,0.0,0.0,0.0,11.0,56.05947917,100.0,1.0,,,FOM,,,,5.0,88.0,10.9
1,M01R01,Ripária,225,C,TN1169_225_C,1390.0,15.0,14.0,14.5,14.0,210.0,33.0,30.0,30.0,31.5,0.0,0.0,0.0,0.0,0.0,0.0,0.0,0.0,5.0,5.0,5.0,5.0,88.0,89.0,85.0,90.0,2.5,3.0,2.8,2.6,0.0,0.0,0.0,0.0,11.0,82.0403125,100.0,1.0,,,FOM,,,,5.0,88.0,10.9
1,M01R02,Ripária,25,E,TN4000_25_E,1504.0,15.0,15.0,15.0,15.0,45.0,40.0,15.0,51.0,20.0,0.0,0.0,0.0,0.0,0.0,0.0,0.0,0.0,0.0,0.0,0.0,0.0,100.0,100.0,100.0,100.0,6.0,7.0,5.0,7.0,40.0,40.0,25.0,5.0,14.0,12.36822917,100.0,1.0,,,FOM,,,11/3/2020,0.0,100.0,25.0
1,M01R02,Ripária,75,E,TN4000_75_E,1504.0,5.0,8.0,3.0,3.0,40.0,21.0,25.0,36.0,45.0,0.0,0.0,0.0,0.0,0.0,0.0,0.0,0.0,8.0,2.0,5.0,6.0,92.0,98.0,95.0,94.0,2.1,4.0,3.0,2.5,5.0,10.0,50.0,25.0,13.0,20.55604167,100.0,1.0,,,FOM,,,11/3/2020,5.25,94.75,11.6
1,M01R02,Ripária,125,E,TN4000_125_E,1504.0,8.0,8.0,8.0,8.0,355.0,51.0,40.0,8.0,20.0,0.0,0.0,0.0,0.0,0.0,0.0,0.0,0.0,1.0,2.0,0.0,0.0,99.0,98.0,100.0,100.0,10.0,12.0,5.0,3.0,0.0,0.0,0.0,0.0,10.0,31.96427083,100.0,1.0,,,FOM,,,11/3/2020,0.75,99.25,30.0
1,M01R02,Ripária,175,E,TN4000_175_E,1504.0,0.1,0.1,0.1,0.1,45.0,10.0,5.0,5.0,9.0,0.0,0.0,0.0,0.0,0.0,0.0,0.0,0.0,65.0,85.0,30.0,35.0,35.0,15.0,70.0,65.0,1.5,1.5,1.5,0.5,0.0,0.0,0.0,0.0,8.0,28.04572917,100.0,1.0,,,FOM,,,11/3/2020,53.75,46.25,5.0
1,M01R02,Ripária,225,E,TN4000_225_E,1504.0,5.0,12.0,5.0,5.0,250.0,12.0,8.0,30.0,40.0,0.0,0.0,0.0,0.0,0.0,0.0,0.0,0.0,30.0,25.0,15.0,20.0,70.0,75.0,85.0,80.0,3.0,4.0,4.0,4.0,8.0,25.0,15.0,15.0,17.0,14.80864583,100.0,1.0,,,FOM,,,11/3/2020,22.5,77.5,15.0
1,M01R02,Ripária,25,D,TN4000_25_D,1504.0,15.4,13.5,18.0,17.0,255.0,23.0,18.0,14.0,22.0,0.0,0.0,0.0,0.0,0.0,0.0,0.0,0.0,85.0,90.0,85.0,85.0,15.0,10.0,15.0,15.0,3.0,3.8,2.5,1.0,10.0,0.0,1.0,0.0,14.0,12.35229167,100.0,1.0,,,FOM,Rio 2m Largura,,11/3/2020,86.25,13.75,10.3
1,M01R02,Ripária,75,D,TN4000_75_D,1504.0,12.0,12.0,12.0,12.0,280.0,51.0,51.0,51.0,51.0,0.0,0.0,0.0,0.0,0.0,0.0,0.0,0.0,0.0,0.0,0.0,0.0,100.0,100.0,100.0,100.0,4.1,7.0,3.0,7.0,8.0,0.0,5.0,2.0,11.5,13.56833333,100.0,1.0,,,FOM,,,11/3/2020,0.0,100.0,21.1
1,M01R02,Ripária,125,D,TN4000_125_D,1504.0,3.0,3.0,3.0,3.0,240.0,51.0,51.0,51.0,51.0,0.0,0.0,0.0,0.0,0.0,0.0,0.0,0.0,5.0,5.0,5.0,5.0,95.0,95.0,95.0,95.0,5.0,4.0,3.0,4.0,2.0,0.0,30.0,10.0,17.0,11.21677083,100.0,1.0,,,FOM,,,11/3/2020,5.0,95.0,16.0
1,M01R02,Ripária,175,D,TN4000_175_D,1504.0,14.0,14.0,14.0,14.0,225.0,12.0,51.0,10.0,10.0,0.0,0.0,0.0,0.0,0.0,0.0,0.0,0.0,5.0,2.0,5.0,8.0,95.0,98.0,95.0,92.0,5.5,6.0,5.0,5.0,20.0,10.0,75.0,20.0,18.0,37.13739583,100.0,1.0,,,FOM,Rio 4m Largura,,11/3/2020,5.0,95.0,21.5
1,M01R02,Ripária,225,D,TN4000_225_D,1504.0,13.5,13.5,13.5,13.5,150.0,51.0,15.0,25.0,12.0,0.0,50.0,0.0,40.0,0.0,0.0,0.0,0.0,5.0,0.0,15.0,5.0,95.0,50.0,85.0,55.0,10.0,6.0,5.0,3.2,0.0,0.0,0.0,0.0,10.0,16.14864583,100.0,1.0,,,FOM,,,11/3/2020,6.25,71.25,24.2
1,M01R02,Ripária,25,C,TN4000_25_C,1504.0,15.0,14.0,14.5,14.0,210.0,33.0,30.0,30.0,31.5,0.0,0.0,0.0,0.0,0.0,0.0,0.0,0.0,5.0,5.0,5.0,5.0,88.0,89.0,85.0,90.0,2.5,3.0,2.8,2.6,0.0,0.0,0.0,0.0,11.0,15.4278125,100.0,1.0,,,FOM,,,,5.0,88.0,10.9
1,M01R02,Ripária,75,C,TN4000_75_C,1504.0,15.0,14.0,14.5,14.0,210.0,33.0,30.0,30.0,31.5,0.0,0.0,0.0,0.0,0.0,0.0,0.0,0.0,5.0,5.0,5.0,5.0,88.0,89.0,85.0,90.0,2.5,3.0,2.8,2.6,0.0,0.0,0.0,0.0,11.0,23.98916667,100.0,1.0,,,FOM,,,,5.0,88.0,10.9
1,M01R02,Ripária,125,C,TN4000_125_C,1504.0,15.0,14.0,14.5,14.0,210.0,33.0,30.0,30.0,31.5,0.0,0.0,0.0,0.0,0.0,0.0,0.0,0.0,5.0,5.0,5.0,5.0,88.0,89.0,85.0,90.0,2.5,3.0,2.8,2.6,0.0,0.0,0.0,0.0,11.0,42.60239583,100.0,1.0,,,FOM,,,,5.0,88.0,10.9
1,M01R02,Ripária,175,C,TN4000_175_C,1504.0,15.0,14.0,14.5,14.0,210.0,33.0,30.0,30.0,31.5,0.0,0.0,0.0,0.0,0.0,0.0,0.0,0.0,5.0,5.0,5.0,5.0,88.0,89.0,85.0,90.0,2.5,3.0,2.8,2.6,0.0,0.0,0.0,0.0,11.0,20.43364583,100.0,1.0,,,FOM,,,,5.0,88.0,10.9
1,M01R02,Ripária,225,C,TN4000_225_C,1504.0,15.0,14.0,14.5,14.0,210.0,33.0,30.0,30.0,31.5,0.0,0.0,0.0,0.0,0.0,0.0,0.0,0.0,5.0,5.0,5.0,5.0,88.0,89.0,85.0,90.0,2.5,3.0,2.8,2.6,0.0,0.0,0.0,0.0,11.0,11.94375,100.0,1.0,,,FOM,,,,5.0,88.0,10.9
1,M01R03,Ripária,25,E,S0080_25_E,1460.0,6.0,6.0,6.0,6.0,0.0,3.0,8.0,18.0,5.0,10.0,25.0,0.0,40.0,0.0,0.0,0.0,0.0,5.0,5.0,0.0,5.0,85.0,70.0,100.0,55.0,1.5,1.5,1.0,1.4,6.0,40.0,9.0,50.0,19.0,21.48114583,100.0,1.0,,,FOM,,,11/5/2020,3.75,77.5,5.4
1,M01R03,Ripária,75,E,S0080_75_E,1460.0,4.5,4.5,4.5,4.5,20.0,51.0,51.0,51.0,51.0,0.0,0.0,0.0,0.0,0.0,0.0,0.0,0.0,45.0,80.0,80.0,35.0,55.0,20.0,20.0,65.0,0.4,0.4,0.4,0.4,0.0,0.0,0.0,0.0,8.0,12.74177083,100.0,1.0,,,FOM,,,11/5/2020,60.0,40.0,1.6
1,M01R03,Ripária,125,E,S0080_125_E,1460.0,27.0,27.0,27.0,27.0,95.0,36.0,44.0,5.0,33.0,0.0,0.0,40.0,0.0,0.0,0.0,0.0,0.0,2.0,5.0,5.0,3.0,98.0,95.0,55.0,97.0,3.0,2.0,2.0,8.0,5.0,6.0,5.0,8.0,18.0,25.8528125,100.0,1.0,,,FOM,ordem dos piquetes: 225=195; 175=145; 125=95; 75=45; 25=225,,11/5/2020,3.75,86.25,15.0
1,M01R03,Ripária,175,E,S0080_175_E,1460.0,27.0,27.0,27.0,27.0,70.0,51.0,22.0,25.0,30.0,0.0,0.0,0.0,0.0,0.0,0.0,0.0,0.0,5.0,3.0,2.0,0.0,95.0,97.0,98.0,100.0,7.0,5.0,10.0,7.5,0.0,0.0,0.0,0.0,15.5,19.37322917,100.0,1.0,,,FOM,,,11/5/2020,2.5,97.5,29.5
1,M01R03,Ripária,225,E,S0080_225_E,1460.0,9.0,1.0,3.0,0.1,75.0,40.0,44.0,20.0,17.0,0.0,0.0,0.0,0.0,0.0,0.0,0.0,0.0,5.0,0.0,5.0,8.0,95.0,100.0,95.0,92.0,5.5,3.0,4.0,5.5,10.0,15.0,11.0,5.0,16.0,29.41291667,100.0,1.0,,,FOM,,,11/5/2020,4.5,95.5,18.0
1,M01R03,Ripária,25,D,S0080_25_D,1460.0,13.0,13.0,13.0,13.0,310.0,51.0,51.0,51.0,51.0,0.0,0.0,0.0,0.0,0.0,0.0,0.0,0.0,85.0,95.0,80.0,75.0,15.0,5.0,20.0,25.0,1.0,0.5,0.5,1.0,8.0,5.0,20.0,25.0,15.0,66.3803125,100.0,1.0,,,FOM,,,11/5/2020,83.75,16.25,3.0
1,M01R03,Ripária,75,D,S0080_75_D,1460.0,35.0,35.0,35.0,35.0,260.0,10.0,5.0,5.0,12.0,0.0,0.0,0.0,0.0,25.0,0.0,0.0,10.0,0.0,0.0,0.0,0.0,75.0,100.0,100.0,90.0,5.9,7.1,6.0,7.0,75.0,90.0,90.0,50.0,17.0,42.2015625,100.0,1.0,,,FOM,,,11/5/2020,0.0,91.25,26.0
1,M01R03,Ripária,125,D,S0080_125_D,1460.0,1.5,1.5,1.5,1.5,0.0,51.0,51.0,51.0,51.0,0.0,0.0,0.0,0.0,0.0,0.0,0.0,0.0,30.0,25.0,15.0,10.0,70.0,75.0,85.0,90.0,0.5,0.5,0.5,0.5,8.0,0.0,10.0,6.0,20.0,15.47677083,100.0,1.0,,,FOM,,,11/5/2020,20.0,80.0,2.0
1,M01R03,Ripária,175,D,S0080_175_D,1460.0,24.0,24.0,24.0,24.0,240.0,1.0,51.0,32.0,28.0,75.0,5.0,10.0,40.0,0.0,0.0,0.0,0.0,10.0,5.0,8.0,8.0,15.0,90.0,82.0,52.0,2.5,0.6,2.5,3.0,10.0,25.0,10.0,20.0,14.0,16.701875,100.0,1.0,,,FOM,Coco gado 210-220 D; 190-200D; 170-190D; 125D; 75 E; 220-230D,,11/5/2020,7.75,59.75,8.6
1,M01R03,Ripária,225,D,S0080_225_D,1460.0,48.0,48.0,48.0,48.0,272.0,35.0,9.0,51.0,22.0,0.0,25.0,25.0,0.0,0.0,0.0,0.0,0.0,1.0,3.0,3.0,2.0,99.0,72.0,72.0,98.0,7.0,5.5,4.0,3.0,0.0,15.0,0.0,5.0,7.0,65.49541667,100.0,1.0,,,FOM,Largura ponto 25 6 metros; p225 4m; p125 10 m,,11/5/2020,2.25,85.25,19.5
1,M01R03,Ripária,25,C,S0080_25_C,1460.0,15.0,14.0,14.5,14.0,210.0,33.0,30.0,30.0,31.5,0.0,0.0,0.0,0.0,0.0,0.0,0.0,0.0,5.0,5.0,5.0,5.0,88.0,89.0,85.0,90.0,2.5,3.0,2.8,2.6,0.0,0.0,0.0,0.0,11.0,35.960625,100.0,1.0,,,FOM,,,,5.0,88.0,10.9
1,M01R03,Ripária,75,C,S0080_75_C,1460.0,15.0,14.0,14.5,14.0,210.0,33.0,30.0,30.0,31.5,0.0,0.0,0.0,0.0,0.0,0.0,0.0,0.0,5.0,5.0,5.0,5.0,88.0,89.0,85.0,90.0,2.5,3.0,2.8,2.6,0.0,0.0,0.0,0.0,11.0,8.0078125,100.0,1.0,,,FOM,,,,5.0,88.0,10.9
1,M01R03,Ripária,125,C,S0080_125_C,1460.0,15.0,14.0,14.5,14.0,210.0,33.0,30.0,30.0,31.5,0.0,0.0,0.0,0.0,0.0,0.0,0.0,0.0,5.0,5.0,5.0,5.0,88.0,89.0,85.0,90.0,2.5,3.0,2.8,2.6,0.0,0.0,0.0,0.0,11.0,39.65479167,100.0,1.0,,,FOM,,,,5.0,88.0,10.9
1,M01R03,Ripária,175,C,S0080_175_C,1460.0,15.0,14.0,14.5,14.0,210.0,33.0,30.0,30.0,31.5,0.0,0.0,0.0,0.0,0.0,0.0,0.0,0.0,5.0,5.0,5.0,5.0,88.0,89.0,85.0,90.0,2.5,3.0,2.8,2.6,0.0,0.0,0.0,0.0,11.0,53.2046875,100.0,1.0,,,FOM,,,,5.0,88.0,10.9
1,M01R03,Ripária,225,C,S0080_225_C,1460.0,15.0,14.0,14.5,14.0,210.0,33.0,30.0,30.0,31.5,0.0,0.0,0.0,0.0,0.0,0.0,0.0,0.0,5.0,5.0,5.0,5.0,88.0,89.0,85.0,90.0,2.5,3.0,2.8,2.6,0.0,0.0,0.0,0.0,11.0,77.46666667,100.0,1.0,,,FOM,,,,5.0,88.0,10.9
1,M01R05,Ripária,25,E,L859_25_E,1455.0,13.5,13.5,13.5,13.5,5.0,51.0,51.0,51.0,51.0,0.0,0.0,0.0,0.0,0.0,0.0,0.0,0.0,2.0,8.0,2.0,0.0,98.0,92.0,98.0,100.0,1.0,2.0,1.4,1.5,0.0,0.0,0.0,0.0,6.0,40.9759375,100.0,1.0,,,FOM,,,11/5/2020,3.0,97.0,5.9
1,M01R05,Ripária,75,E,L859_75_E,1455.0,36.5,36.5,36.5,36.5,330.0,51.0,51.0,22.0,25.0,0.0,0.0,0.0,0.0,0.0,0.0,0.0,0.0,0.0,0.0,0.0,0.0,100.0,100.0,100.0,100.0,6.0,7.0,12.0,12.0,90.0,25.0,45.0,10.0,11.0,43.27927083,100.0,1.0,,,FOM,Largura rio: 6 m,,11/5/2020,0.0,100.0,37.0
1,M01R05,Ripária,125,E,L859_125_E,1455.0,36.0,36.0,36.0,36.0,335.0,18.0,0.0,0.0,25.0,0.0,100.0,100.0,0.0,0.0,0.0,0.0,10.0,5.0,0.0,0.0,0.0,95.0,0.0,0.0,90.0,3.0,0.0,0.0,2.5,5.0,0.0,0.0,3.0,10.0,16.95229167,100.0,1.0,,,FOM,,,11/5/2020,1.25,46.25,5.5
1,M01R05,Ripária,175,E,L859_175_E,1455.0,34.5,34.5,34.5,34.5,320.0,30.0,12.0,26.0,31.0,15.0,5.0,0.0,0.0,10.0,0.0,5.0,0.0,0.0,0.0,0.0,0.0,75.0,95.0,95.0,100.0,5.0,13.0,6.0,9.0,0.0,0.0,0.0,0.0,4.0,29.34010417,100.0,1.0,,,FOM,,,11/5/2020,0.0,91.25,33.0
1,M01R05,Ripária,225,E,L859_225_E,1455.0,75.0,75.0,75.0,75.0,340.0,0.0,0.0,0.0,0.0,100.0,100.0,100.0,100.0,0.0,0.0,0.0,0.0,0.0,0.0,0.0,0.0,0.0,0.0,0.0,0.0,0.0,0.0,0.0,0.0,0.0,0.0,0.0,0.0,15.0,16.12979167,100.0,1.0,,,FOM,foto foi embaixo,,11/5/2020,0.0,0.0,0.0
1,M01R05,Ripária,25,D,L859_25_D,1455.0,8.0,8.0,8.0,8.0,210.0,51.0,51.0,51.0,51.0,0.0,0.0,0.0,0.0,0.0,0.0,0.0,0.0,5.0,5.0,8.0,8.0,95.0,95.0,92.0,92.0,2.5,2.0,1.5,1.5,30.0,15.0,5.0,10.0,11.0,15.0953125,100.0,1.0,,,FOM,gado 20-30 d + e,,11/5/2020,6.5,93.5,7.5
1,M01R05,Ripária,75,D,L859_75_D,1455.0,23.5,23.5,23.5,23.5,215.0,51.0,15.0,20.0,20.0,0.0,0.0,0.0,0.0,0.0,0.0,0.0,0.0,0.0,0.0,0.0,0.0,100.0,100.0,100.0,100.0,7.0,8.0,9.0,9.0,0.0,0.0,0.0,0.0,9.0,15.32354167,100.0,1.0,,,FOM,,,11/5/2020,0.0,100.0,33.0
1,M01R05,Ripária,125,D,L859_125_D,1455.0,33.5,33.5,33.5,33.5,185.0,34.0,9.0,51.0,31.0,0.0,0.0,50.0,0.0,0.0,0.0,0.0,0.0,0.0,0.0,0.0,0.0,100.0,100.0,50.0,100.0,8.0,6.0,4.0,9.0,10.0,4.0,15.0,15.0,7.0,15.61520833,100.0,1.0,,,FOM,gado 120-130; 150-160,,11/5/2020,0.0,87.5,27.0
1,M01R05,Ripária,175,D,L859_175_D,1455.0,18.0,18.0,18.0,18.0,170.0,10.0,30.0,19.0,25.0,0.0,0.0,40.0,0.0,0.0,0.0,0.0,0.0,0.0,0.0,0.0,0.0,100.0,100.0,60.0,100.0,8.0,6.0,9.0,10.0,85.0,20.0,10.0,30.0,20.0,9.055625,100.0,1.0,,,FOM,largura rio: 8 m,,11/5/2020,0.0,90.0,33.0
1,M01R05,Ripária,225,D,L859_225_D,1455.0,46.5,46.5,46.5,46.5,145.0,8.0,6.0,15.0,10.0,30.0,0.0,10.0,5.0,10.0,5.0,0.0,5.0,5.0,2.0,0.0,5.0,55.0,93.0,90.0,85.0,0.5,1.5,7.5,2.0,2.0,0.0,10.0,0.0,10.0,11.93802083,100.0,1.0,,,FOM,largura rio 10 m,,11/5/2020,3.0,80.75,11.5
1,M01R05,Ripária,25,C,L859_25_C,1455.0,15.0,14.0,14.5,14.0,210.0,33.0,30.0,30.0,31.5,0.0,0.0,0.0,0.0,0.0,0.0,0.0,0.0,5.0,5.0,5.0,5.0,88.0,89.0,85.0,90.0,2.5,3.0,2.8,2.6,0.0,0.0,0.0,0.0,11.0,85.53791667,100.0,1.0,,,FOM,,,,5.0,88.0,10.9
1,M01R05,Ripária,75,C,L859_75_C,1455.0,15.0,14.0,14.5,14.0,210.0,33.0,30.0,30.0,31.5,0.0,0.0,0.0,0.0,0.0,0.0,0.0,0.0,5.0,5.0,5.0,5.0,88.0,89.0,85.0,90.0,2.5,3.0,2.8,2.6,0.0,0.0,0.0,0.0,11.0,68.71614583,100.0,1.0,,,FOM,,,,5.0,88.0,10.9
1,M01R05,Ripária,125,C,L859_125_C,1455.0,15.0,14.0,14.5,14.0,210.0,33.0,30.0,30.0,31.5,0.0,0.0,0.0,0.0,0.0,0.0,0.0,0.0,5.0,5.0,5.0,5.0,88.0,89.0,85.0,90.0,2.5,3.0,2.8,2.6,0.0,0.0,0.0,0.0,11.0,57.8071875,100.0,1.0,,,FOM,,,,5.0,88.0,10.9
1,M01R05,Ripária,175,C,L859_175_C,1455.0,15.0,14.0,14.5,14.0,210.0,33.0,30.0,30.0,31.5,0.0,0.0,0.0,0.0,0.0,0.0,0.0,0.0,5.0,5.0,5.0,5.0,88.0,89.0,85.0,90.0,2.5,3.0,2.8,2.6,0.0,0.0,0.0,0.0,11.0,49.484375,100.0,1.0,,,FOM,,,,5.0,88.0,10.9
1,M01R05,Ripária,225,C,L859_225_C,1455.0,15.0,14.0,14.5,14.0,210.0,33.0,30.0,30.0,31.5,0.0,0.0,0.0,0.0,0.0,0.0,0.0,0.0,5.0,5.0,5.0,5.0,88.0,89.0,85.0,90.0,2.5,3.0,2.8,2.6,0.0,0.0,0.0,0.0,11.0,43.91802083,100.0,1.0,,,FOM,,,,5.0,88.0,10.9
2,M02T01,Terrestre,25,J,TW500_25_J,1455.0,15.0,14.0,14.5,14.0,210.0,33.0,30.0,30.0,31.5,0.0,0.0,0.0,0.0,0.0,0.0,0.0,0.0,5.0,5.0,5.0,5.0,88.0,89.0,85.0,90.0,2.5,3.0,2.8,2.6,0.0,0.0,0.0,0.0,11.0,21.54421875,100.0,1.0,,,FOM,,,,5.0,88.0,10.9
2,M02T01,Terrestre,75,J,TW500_75_J,1455.0,15.0,14.0,14.5,14.0,210.0,33.0,30.0,30.0,31.5,0.0,0.0,0.0,0.0,0.0,0.0,0.0,0.0,5.0,5.0,5.0,5.0,88.0,89.0,85.0,90.0,2.5,3.0,2.8,2.6,0.0,0.0,0.0,0.0,11.0,21.54421875,100.0,1.0,,,FOM,,,,5.0,88.0,10.9
2,M02T01,Terrestre,125,J,TW500_125_J,1455.0,15.0,14.0,14.5,14.0,210.0,33.0,30.0,30.0,31.5,0.0,0.0,0.0,0.0,0.0,0.0,0.0,0.0,5.0,5.0,5.0,5.0,88.0,89.0,85.0,90.0,2.5,3.0,2.8,2.6,0.0,0.0,0.0,0.0,11.0,21.54421875,100.0,1.0,,,FOM,,,,5.0,88.0,10.9
2,M02T01,Terrestre,175,J,TW500_175_J,1455.0,15.0,14.0,14.5,14.0,210.0,33.0,30.0,30.0,31.5,0.0,0.0,0.0,0.0,0.0,0.0,0.0,0.0,5.0,5.0,5.0,5.0,88.0,89.0,85.0,90.0,2.5,3.0,2.8,2.6,0.0,0.0,0.0,0.0,11.0,21.54421875,100.0,1.0,,,FOM,,,,5.0,88.0,10.9
2,M02T01,Terrestre,225,J,TW500_225_J,1455.0,15.0,14.0,14.5,14.0,210.0,33.0,30.0,30.0,31.5,0.0,0.0,0.0,0.0,0.0,0.0,0.0,0.0,5.0,5.0,5.0,5.0,88.0,89.0,85.0,90.0,2.5,3.0,2.8,2.6,0.0,0.0,0.0,0.0,11.0,21.54421875,100.0,1.0,,,FOM,,,,5.0,88.0,10.9
2,M02T01,Terrestre,25,M,TW500_25_M,1455.0,15.0,14.0,14.5,14.0,210.0,33.0,30.0,30.0,31.5,0.0,0.0,0.0,0.0,0.0,0.0,0.0,0.0,5.0,5.0,5.0,5.0,88.0,89.0,85.0,90.0,2.5,3.0,2.8,2.6,0.0,0.0,0.0,0.0,11.0,21.54421875,100.0,1.0,,,FOM,,,,5.0,88.0,10.9
2,M02T01,Terrestre,75,M,TW500_75_M,1455.0,15.0,14.0,14.5,14.0,210.0,33.0,30.0,30.0,31.5,0.0,0.0,0.0,0.0,0.0,0.0,0.0,0.0,5.0,5.0,5.0,5.0,88.0,89.0,85.0,90.0,2.5,3.0,2.8,2.6,0.0,0.0,0.0,0.0,11.0,21.54421875,100.0,1.0,,,FOM,,,,5.0,88.0,10.9
2,M02T01,Terrestre,125,M,TW500_125_M,1455.0,15.0,14.0,14.5,14.0,210.0,33.0,30.0,30.0,31.5,0.0,0.0,0.0,0.0,0.0,0.0,0.0,0.0,5.0,5.0,5.0,5.0,88.0,89.0,85.0,90.0,2.5,3.0,2.8,2.6,0.0,0.0,0.0,0.0,11.0,21.54421875,100.0,1.0,,,FOM,,,,5.0,88.0,10.9
2,M02T01,Terrestre,175,M,TW500_175_M,1455.0,15.0,14.0,14.5,14.0,210.0,33.0,30.0,30.0,31.5,0.0,0.0,0.0,0.0,0.0,0.0,0.0,0.0,5.0,5.0,5.0,5.0,88.0,89.0,85.0,90.0,2.5,3.0,2.8,2.6,0.0,0.0,0.0,0.0,11.0,21.54421875,100.0,1.0,,,FOM,,,,5.0,88.0,10.9
2,M02T01,Terrestre,225,M,TW500_225_M,1455.0,15.0,14.0,14.5,14.0,210.0,33.0,30.0,30.0,31.5,0.0,0.0,0.0,0.0,0.0,0.0,0.0,0.0,5.0,5.0,5.0,5.0,88.0,89.0,85.0,90.0,2.5,3.0,2.8,2.6,0.0,0.0,0.0,0.0,11.0,21.54421875,100.0,1.0,,,FOM,,,,5.0,88.0,10.9
2,M02T02,Terrestre,25,J,TW1500_25_J,1604.0,19.0,8.0,12.0,5.0,100.0,40.0,21.0,20.0,40.0,2.0,35.0,10.0,0.0,0.0,0.0,0.0,0.0,3.0,3.0,5.0,0.0,95.0,62.0,85.0,100.0,4.0,5.0,5.0,5.0,0.0,0.0,0.0,0.0,6.0,16.28854167,100.0,1.0,,,FOM,,,,2.75,85.5,19.0
2,M02T02,Terrestre,75,J,TW1500_75_J,1604.0,23.0,24.0,17.0,15.0,70.0,23.0,29.0,19.0,8.0,0.0,0.0,0.0,20.0,2.0,0.0,0.0,0.0,0.0,0.0,5.0,5.0,98.0,100.0,95.0,75.0,5.0,8.0,8.0,4.0,0.0,0.0,0.0,0.0,10.0,17.84625,100.0,1.0,,,FOM,,,,2.5,92.0,25.0
2,M02T02,Terrestre,125,J,TW1500_125_J,1604.0,5.0,5.0,8.0,8.0,70.0,33.0,5.0,10.0,2.0,2.0,10.0,0.0,60.0,0.0,0.0,5.0,0.0,6.0,20.0,15.0,10.0,92.0,70.0,80.0,30.0,4.0,4.0,4.0,4.0,0.0,0.0,0.0,0.0,8.5,24.3940625,100.0,1.0,,,FOM,,,,12.75,68.0,16.0
2,M02T02,Terrestre,175,J,TW1500_175_J,1604.0,30.0,25.0,16.0,26.0,80.0,0.0,20.0,10.0,6.0,80.0,0.0,0.0,5.0,0.0,0.0,0.0,0.0,5.0,20.0,20.0,8.0,15.0,80.0,80.0,87.0,9.0,6.0,4.0,5.0,0.0,0.0,0.0,0.0,9.0,10.36104167,100.0,1.0,,,FOM,,,,13.25,65.5,24.0
2,M02T02,Terrestre,225,J,TW1500_225_J,1604.0,0.0,0.0,2.0,2.0,70.0,15.0,15.0,10.0,20.0,0.0,0.0,0.0,0.0,0.0,0.0,0.0,0.0,0.0,0.0,0.0,0.0,100.0,100.0,100.0,100.0,5.0,5.0,4.0,5.0,0.0,0.0,0.0,0.0,11.0,17.62479167,100.0,1.0,,,FOM,,,,0.0,100.0,19.0
2,M02T02,Terrestre,25,M,TW1500_25_M,1604.0,0.0,5.0,0.0,0.0,130.0,22.0,20.0,5.0,0.0,0.0,0.0,10.0,10.0,0.0,0.0,0.0,0.0,70.0,35.0,10.0,0.0,30.0,65.0,80.0,90.0,6.0,6.0,6.0,0.0,0.0,0.0,0.0,0.0,3.5,21.8253125,50.0,1.0,,,FOM,,,,28.75,66.25,18.0
2,M02T02,Terrestre,75,M,TW1500_75_M,1604.0,14.0,13.0,9.0,13.0,75.0,14.0,21.0,15.0,22.0,5.0,10.0,4.0,0.0,2.0,0.0,0.0,5.0,3.0,10.0,5.0,8.0,90.0,80.0,91.0,87.0,3.0,5.0,3.0,5.0,0.0,0.0,0.0,0.0,6.5,16.96541667,100.0,1.0,,,FOM,,,,6.5,87.0,16.0
2,M02T02,Terrestre,125,M,TW1500_125_M,1604.0,8.0,9.0,2.0,1.0,60.0,5.0,25.0,10.0,20.0,30.0,0.0,3.0,5.0,0.0,0.0,0.0,0.0,0.0,0.0,1.0,5.0,70.0,100.0,96.0,90.0,5.0,6.0,4.0,5.0,0.0,0.0,0.0,0.0,5.0,11.27625,100.0,1.0,,,FOM,,,,1.5,89.0,20.0
2,M02T02,Terrestre,175,M,TW1500_175_M,1604.0,6.0,5.0,7.0,5.0,85.0,51.0,51.0,51.0,51.0,0.0,0.0,0.0,0.0,0.0,0.0,0.0,0.0,90.0,95.0,60.0,85.0,10.0,5.0,40.0,15.0,1.0,4.0,3.0,4.0,0.0,0.0,0.0,0.0,7.0,12.89583333,100.0,1.0,,,FOM,,,,82.5,17.5,12.0
2,M02T02,Terrestre,225,M,TW1500_225_M,1604.0,6.0,8.0,8.0,4.0,55.0,51.0,51.0,51.0,51.0,0.0,0.0,0.0,0.0,0.0,0.0,0.0,0.0,100.0,100.0,100.0,100.0,0.0,0.0,0.0,0.0,0.0,0.0,0.0,0.0,0.0,0.0,0.0,0.0,3.5,61.51270833,100.0,1.0,,,FOM,,,,100.0,0.0,0.0
2,M02T03,Terrestre,25,J,TW2500_25_J,1455.0,15.0,14.0,14.5,14.0,210.0,33.0,30.0,30.0,31.5,0.0,0.0,0.0,0.0,0.0,0.0,0.0,0.0,5.0,5.0,5.0,5.0,88.0,89.0,85.0,90.0,2.5,3.0,2.8,2.6,0.0,0.0,0.0,0.0,11.0,21.54421875,100.0,1.0,,,FOM,,,,5.0,88.0,10.9
2,M02T03,Terrestre,75,J,TW2500_75_J,1455.0,15.0,14.0,14.5,14.0,210.0,33.0,30.0,30.0,31.5,0.0,0.0,0.0,0.0,0.0,0.0,0.0,0.0,5.0,5.0,5.0,5.0,88.0,89.0,85.0,90.0,2.5,3.0,2.8,2.6,0.0,0.0,0.0,0.0,11.0,21.54421875,100.0,1.0,,,FOM,,,,5.0,88.0,10.9
2,M02T03,Terrestre,125,J,TW2500_125_J,1455.0,15.0,14.0,14.5,14.0,210.0,33.0,30.0,30.0,31.5,0.0,0.0,0.0,0.0,0.0,0.0,0.0,0.0,5.0,5.0,5.0,5.0,88.0,89.0,85.0,90.0,2.5,3.0,2.8,2.6,0.0,0.0,0.0,0.0,11.0,21.54421875,100.0,1.0,,,FOM,,,,5.0,88.0,10.9
2,M02T03,Terrestre,175,J,TW2500_175_J,1455.0,15.0,14.0,14.5,14.0,210.0,33.0,30.0,30.0,31.5,0.0,0.0,0.0,0.0,0.0,0.0,0.0,0.0,5.0,5.0,5.0,5.0,88.0,89.0,85.0,90.0,2.5,3.0,2.8,2.6,0.0,0.0,0.0,0.0,11.0,21.54421875,100.0,1.0,,,FOM,,,,5.0,88.0,10.9
2,M02T03,Terrestre,225,J,TW2500_225_J,1455.0,15.0,14.0,14.5,14.0,210.0,33.0,30.0,30.0,31.5,0.0,0.0,0.0,0.0,0.0,0.0,0.0,0.0,5.0,5.0,5.0,5.0,88.0,89.0,85.0,90.0,2.5,3.0,2.8,2.6,0.0,0.0,0.0,0.0,11.0,21.54421875,100.0,1.0,,,FOM,,,,5.0,88.0,10.9
2,M02T03,Terrestre,25,M,TW2500_25_M,1455.0,15.0,14.0,14.5,14.0,210.0,33.0,30.0,30.0,31.5,0.0,0.0,0.0,0.0,0.0,0.0,0.0,0.0,5.0,5.0,5.0,5.0,88.0,89.0,85.0,90.0,2.5,3.0,2.8,2.6,0.0,0.0,0.0,0.0,11.0,21.54421875,100.0,1.0,,,FOM,,,,5.0,88.0,10.9
2,M02T03,Terrestre,75,M,TW2500_75_M,1455.0,15.0,14.0,14.5,14.0,210.0,33.0,30.0,30.0,31.5,0.0,0.0,0.0,0.0,0.0,0.0,0.0,0.0,5.0,5.0,5.0,5.0,88.0,89.0,85.0,90.0,2.5,3.0,2.8,2.6,0.0,0.0,0.0,0.0,11.0,21.54421875,100.0,1.0,,,FOM,,,,5.0,88.0,10.9
2,M02T03,Terrestre,125,M,TW2500_125_M,1455.0,15.0,14.0,14.5,14.0,210.0,33.0,30.0,30.0,31.5,0.0,0.0,0.0,0.0,0.0,0.0,0.0,0.0,5.0,5.0,5.0,5.0,88.0,89.0,85.0,90.0,2.5,3.0,2.8,2.6,0.0,0.0,0.0,0.0,11.0,21.54421875,100.0,1.0,,,FOM,,,,5.0,88.0,10.9
2,M02T03,Terrestre,175,M,TW2500_175_M,1455.0,15.0,14.0,14.5,14.0,210.0,33.0,30.0,30.0,31.5,0.0,0.0,0.0,0.0,0.0,0.0,0.0,0.0,5.0,5.0,5.0,5.0,88.0,89.0,85.0,90.0,2.5,3.0,2.8,2.6,0.0,0.0,0.0,0.0,11.0,21.54421875,100.0,1.0,,,FOM,,,,5.0,88.0,10.9
2,M02T03,Terrestre,225,M,TW2500_225_M,1455.0,15.0,14.0,14.5,14.0,210.0,33.0,30.0,30.0,31.5,0.0,0.0,0.0,0.0,0.0,0.0,0.0,0.0,5.0,5.0,5.0,5.0,88.0,89.0,85.0,90.0,2.5,3.0,2.8,2.6,0.0,0.0,0.0,0.0,11.0,21.54421875,100.0,1.0,,,FOM,,,,5.0,88.0,10.9
2,M02T04,Terrestre,25,J,TW3500_25_J,1584.0,23.0,34.0,15.0,25.0,150.0,14.0,25.0,15.0,18.0,0.0,0.0,0.0,0.0,0.0,0.0,0.0,0.0,0.0,0.0,8.0,2.0,100.0,100.0,92.0,98.0,5.0,4.0,1.0,1.5,0.0,0.0,0.0,0.0,7.0,19.30958333,100.0,1.0,,,FOM,,,,2.5,97.5,11.5
2,M02T04,Terrestre,75,J,TW3500_75_J,1584.0,23.0,24.0,30.0,31.0,130.0,11.0,20.0,20.0,20.0,0.0,0.0,0.0,0.0,0.0,0.0,0.0,0.0,100.0,100.0,100.0,100.0,0.0,0.0,0.0,0.0,0.0,0.0,0.0,0.0,0.0,0.0,0.0,0.0,7.0,25.7353125,100.0,1.0,,,FOM,,,,100.0,0.0,0.0
2,M02T04,Terrestre,125,J,TW3500_125_J,1584.0,46.0,40.0,34.0,28.0,94.0,11.0,51.0,20.0,29.0,60.0,0.0,0.0,0.0,0.0,0.0,0.0,0.0,0.0,0.0,0.0,0.0,40.0,100.0,100.0,100.0,8.0,4.0,4.0,4.0,0.0,0.0,0.0,0.0,7.0,6.435625,100.0,1.0,,,FOM,,,,0.0,85.0,20.0
2,M02T04,Terrestre,175,J,TW3500_175_J,1584.0,11.0,13.0,6.0,7.0,120.0,15.0,26.0,25.0,5.0,0.0,0.0,0.0,0.0,0.0,0.0,0.0,0.0,5.0,2.0,0.0,2.0,95.0,98.0,100.0,98.0,6.0,9.0,5.0,3.0,0.0,0.0,0.0,0.0,5.5,14.2059375,100.0,1.0,,,FOM,,,,2.25,97.75,23.0
2,M02T04,Terrestre,225,J,TW3500_225_J,1584.0,11.0,6.0,17.0,2.0,97.0,51.0,51.0,30.0,51.0,0.0,0.0,0.0,0.0,0.0,0.0,0.0,0.0,0.0,0.0,0.0,0.0,100.0,100.0,100.0,100.0,6.0,8.0,5.0,5.0,0.0,0.0,0.0,0.0,5.0,66.2646875,100.0,1.0,,,FOM,,,,0.0,100.0,24.0
2,M02T04,Terrestre,25,M,TW3500_25_M,1584.0,19.0,21.0,25.0,17.0,145.0,14.0,25.0,22.0,36.0,0.0,0.0,0.0,0.0,0.0,0.0,0.0,0.0,0.0,0.0,5.0,0.0,100.0,100.0,95.0,100.0,9.0,7.0,5.0,7.5,0.0,0.0,0.0,0.0,6.0,24.640625,100.0,1.0,,,FOM,,,,1.25,98.75,28.5
2,M02T04,Terrestre,75,M,TW3500_75_M,1584.0,18.0,6.0,13.0,13.0,140.0,51.0,51.0,36.0,51.0,0.0,0.0,0.0,0.0,0.0,0.0,0.0,0.0,5.0,0.0,1.0,1.0,95.0,100.0,99.0,99.0,8.5,6.0,7.0,7.0,0.0,0.0,0.0,0.0,3.0,18.24458333,100.0,1.0,,,FOM,,,,1.75,98.25,28.5
2,M02T04,Terrestre,125,M,TW3500_125_M,1584.0,37.0,45.0,27.0,20.0,15.0,20.0,20.0,27.0,20.0,0.0,0.0,0.0,0.0,0.0,0.0,0.0,0.0,0.0,0.0,0.0,0.0,100.0,100.0,100.0,100.0,15.0,12.5,17.0,18.0,0.0,0.0,0.0,0.0,3.0,37.3221875,100.0,1.0,,,FOM,,,,0.0,100.0,62.5
2,M02T04,Terrestre,175,M,TW3500_175_M,1584.0,9.0,11.0,6.0,1.0,150.0,29.0,16.0,13.0,30.0,0.0,0.0,0.0,0.0,0.0,0.0,0.0,0.0,65.0,50.0,45.0,60.0,35.0,50.0,55.0,40.0,4.0,0.5,1.0,2.0,0.0,0.0,0.0,0.0,7.0,19.3446875,100.0,1.0,,,FOM,,,,55.0,45.0,7.5
2,M02T04,Terrestre,225,M,TW3500_225_M,1584.0,12.0,5.0,8.0,8.0,75.0,26.0,13.0,40.0,16.0,5.0,5.0,10.0,0.0,0.0,0.0,3.0,0.0,5.0,8.0,6.0,3.0,90.0,87.0,81.0,97.0,8.0,4.0,1.0,1.0,0.0,0.0,0.0,0.0,8.0,21.55302083,100.0,1.0,,,FOM,,,,5.5,88.75,14.0
2,M02T05,Terrestre,25,J,TW4500_25_J,1583.0,14.0,10.0,16.0,21.0,25.0,32.0,19.0,21.0,7.0,0.0,0.0,0.0,0.0,0.0,0.0,0.0,0.0,8.0,5.0,0.0,6.0,92.0,95.0,100.0,94.0,2.0,1.5,1.0,2.5,0.0,0.0,0.0,0.0,12.0,15.58083333,100.0,1.0,,,FOM,,,,4.75,95.25,7.0
2,M02T05,Terrestre,75,J,TW4500_75_J,1583.0,17.0,16.0,17.0,16.0,360.0,0.0,0.0,0.0,0.0,100.0,100.0,100.0,100.0,0.0,0.0,0.0,0.0,0.0,0.0,0.0,0.0,0.0,0.0,0.0,0.0,0.0,0.0,0.0,0.0,0.0,0.0,0.0,0.0,11.0,7.214895833,100.0,1.0,,,FOM,,,,0.0,0.0,0.0
2,M02T05,Terrestre,125,J,TW4500_125_J,1583.0,8.0,33.0,18.0,13.0,30.0,22.0,15.0,14.0,19.0,0.0,5.0,0.0,5.0,0.0,0.0,0.0,0.0,0.0,2.0,3.0,0.0,100.0,93.0,97.0,95.0,4.5,6.0,2.5,4.0,0.0,0.0,0.0,0.0,9.0,9.533333333,100.0,1.0,,,FOM,,,,1.25,96.25,17.0
2,M02T05,Terrestre,175,J,TW4500_175_J,1583.0,12.0,7.0,10.0,18.0,20.0,21.0,51.0,24.0,35.0,0.0,0.0,0.0,0.0,0.0,0.0,0.0,0.0,0.0,0.0,0.0,5.0,100.0,100.0,100.0,95.0,2.0,3.0,2.0,3.0,12.0,0.0,10.0,50.0,15.0,21.01041667,100.0,1.0,,,FOM,,,,1.25,98.75,10.0
2,M02T05,Terrestre,225,J,TW4500_225_J,1583.0,21.0,24.0,32.0,22.0,20.0,12.0,21.0,30.0,10.0,0.0,10.0,0.0,0.0,0.0,0.0,0.0,2.0,2.0,1.0,5.0,1.0,98.0,89.0,95.0,97.0,4.5,4.6,4.0,3.5,0.0,0.0,0.0,0.0,14.0,18.885,100.0,1.0,,,FOM,,,,2.25,94.75,16.6
2,M02T05,Terrestre,25,M,TW4500_25_M,1583.0,12.0,4.0,13.0,12.0,25.0,51.0,51.0,24.0,32.0,0.0,0.0,0.0,0.0,0.0,0.0,0.0,0.0,20.0,5.0,10.0,5.0,80.0,95.0,90.0,95.0,6.0,7.0,2.0,4.0,0.0,0.0,0.0,0.0,10.0,12.9253125,100.0,1.0,,,FOM,,,,10.0,90.0,19.0
2,M02T05,Terrestre,75,M,TW4500_75_M,1583.0,7.0,14.0,4.0,4.0,345.0,51.0,51.0,51.0,51.0,0.0,0.0,0.0,0.0,0.0,0.0,0.0,0.0,5.0,2.0,4.0,1.0,95.0,98.0,96.0,99.0,3.0,7.0,7.0,3.0,40.0,25.0,10.0,20.0,15.0,20.53833333,100.0,1.0,,,FOM,,,,3.0,97.0,20.0
2,M02T05,Terrestre,125,M,TW4500_125_M,1583.0,2.0,5.0,12.0,22.0,45.0,51.0,19.0,51.0,51.0,0.0,0.0,0.0,0.0,0.0,0.0,0.0,0.0,3.0,5.0,5.0,5.0,97.0,95.0,95.0,95.0,2.0,3.0,2.0,4.0,0.0,0.0,0.0,0.0,11.0,20.68802083,100.0,1.0,,,FOM,,,,4.5,95.5,11.0
2,M02T05,Terrestre,175,M,TW4500_175_M,1583.0,26.0,26.0,15.0,27.0,15.0,30.5,11.0,12.0,0.0,0.0,0.0,0.0,100.0,0.0,0.0,0.0,0.0,5.0,5.0,2.0,0.0,95.0,95.0,98.0,0.0,5.0,3.0,5.5,0.0,0.0,0.0,0.0,0.0,13.0,17.5175,100.0,1.0,,,FOM,,,,3.0,72.0,13.5
2,M02T05,Terrestre,225,M,TW4500_225_M,1583.0,17.0,23.0,17.0,15.0,35.0,18.0,22.0,30.0,21.0,0.0,0.0,0.0,0.0,0.0,0.0,0.0,0.0,2.0,10.0,0.0,1.0,98.0,90.0,100.0,99.0,1.0,1.5,1.5,1.5,0.0,0.0,0.0,0.0,13.0,46.94125,100.0,1.0,,,FOM,,,,3.25,96.75,5.5
2,M02T06,Terrestre,25,J,TL400_25_J,1407.0,15.0,18.0,18.0,15.0,85.0,2.0,20.0,31.0,38.0,10.0,0.0,10.0,10.0,0.0,0.0,0.0,0.0,60.0,30.0,70.0,80.0,30.0,70.0,20.0,10.0,2.0,6.0,1.0,1.0,0.0,0.0,0.0,0.0,9.0,11.24979167,100.0,1.0,,,FOM,,,,60.0,32.5,10.0
2,M02T06,Terrestre,75,J,TL400_75_J,1407.0,4.0,14.0,8.0,10.0,80.0,51.0,8.0,51.0,17.0,0.0,0.0,0.0,0.0,2.0,2.0,0.0,6.0,20.0,8.0,30.0,25.0,78.0,90.0,70.0,69.0,1.0,0.5,0.5,0.5,3.0,3.0,15.0,20.0,11.0,21.419375,100.0,1.0,,,FOM,,,,20.75,76.75,2.5
2,M02T06,Terrestre,125,J,TL400_125_J,1407.0,32.0,23.0,23.0,38.0,345.0,51.0,51.0,51.0,6.0,0.0,80.0,0.0,10.0,25.0,5.0,80.0,20.0,15.0,15.0,15.0,15.0,60.0,0.0,5.0,55.0,0.5,0.5,0.2,0.5,0.0,0.0,0.0,0.0,12.0,21.57895833,100.0,1.0,,,FOM,,,,15.0,30.0,1.7
2,M02T06,Terrestre,175,J,TL400_175_J,1407.0,28.0,22.0,18.0,17.0,330.0,51.0,51.0,22.0,51.0,0.0,10.0,5.0,10.0,2.0,0.0,0.0,0.0,95.0,85.0,95.0,90.0,3.0,5.0,0.0,0.0,0.0,0.0,0.0,0.0,3.0,10.0,8.0,15.0,17.0,27.47114583,100.0,1.0,,,FOM,,,,91.25,2.0,0.0
2,M02T06,Terrestre,225,J,TL400_225_J,1407.0,28.0,33.0,40.0,46.0,350.0,26.0,23.0,8.0,51.0,0.0,25.0,25.0,0.0,45.0,5.0,30.0,25.0,50.0,10.0,5.0,50.0,5.0,60.0,40.0,25.0,0.2,1.0,0.5,0.2,0.0,0.0,0.0,0.0,12.0,20.21229167,100.0,1.0,,,FOM,,,,28.75,32.5,1.9
2,M02T06,Terrestre,25,M,TL400_25_M,1407.0,36.0,37.0,40.0,32.0,90.0,1.0,0.0,0.0,0.0,0.0,0.0,0.0,0.0,0.0,0.0,0.0,0.0,0.0,0.0,0.0,10.0,100.0,100.0,100.0,90.0,5.0,6.0,6.0,9.0,0.0,0.0,0.0,0.0,10.0,67.87572917,100.0,1.0,,,FOM,,,,2.5,97.5,26.0
2,M02T06,Terrestre,75,M,TL400_75_M,1407.0,37.0,15.0,15.0,37.0,79.0,51.0,35.0,10.0,2.0,0.0,0.0,0.0,0.0,15.0,30.0,50.0,15.0,50.0,10.0,50.0,50.0,35.0,60.0,0.0,35.0,1.0,0.0,2.0,0.5,0.0,0.0,0.0,0.0,11.0,31.27489583,100.0,1.0,,,FOM,,,,40.0,32.5,3.5
2,M02T06,Terrestre,125,M,TL400_125_M,1407.0,40.0,27.0,37.0,26.0,10.0,8.0,51.0,51.0,51.0,0.0,0.0,0.0,0.0,25.0,40.0,60.0,20.0,30.0,20.0,15.0,80.0,45.0,40.0,25.0,0.0,0.2,0.2,0.2,0.5,0.0,0.0,5.0,0.0,11.0,18.28739583,100.0,1.0,,,FOM,,,,36.25,27.5,1.1
2,M02T06,Terrestre,175,M,TL400_175_M,1407.0,29.0,39.0,27.0,26.0,330.0,51.0,51.0,51.0,8.0,0.0,5.0,0.0,0.0,0.0,0.0,0.0,0.0,80.0,80.0,80.0,70.0,20.0,15.0,20.0,30.0,1.0,0.5,0.5,1.0,5.0,0.0,0.0,0.0,14.0,15.95479167,100.0,1.0,,,FOM,,,,77.5,21.25,3.0
2,M02T06,Terrestre,225,M,TL400_225_M,1407.0,11.0,8.0,12.0,14.0,5.0,6.0,17.0,16.0,15.0,0.0,0.0,0.0,0.0,5.0,5.0,0.0,3.0,90.0,90.0,90.0,90.0,5.0,5.0,10.0,7.0,0.5,0.5,1.0,2.0,0.0,0.0,0.0,0.0,14.0,20.13354167,100.0,1.0,,,FOM,,,,90.0,6.75,4.0
2,M02T07,Terrestre,25,J,TL1500_25_J,1455.0,15.0,14.0,14.5,14.0,210.0,33.0,30.0,30.0,31.5,0.0,0.0,0.0,0.0,0.0,0.0,0.0,0.0,5.0,5.0,5.0,5.0,88.0,89.0,85.0,90.0,2.5,3.0,2.8,2.6,0.0,0.0,0.0,0.0,11.0,21.54421875,100.0,1.0,,,FOM,,,,5.0,88.0,10.9
2,M02T07,Terrestre,75,J,TL1500_75_J,1455.0,15.0,14.0,14.5,14.0,210.0,33.0,30.0,30.0,31.5,0.0,0.0,0.0,0.0,0.0,0.0,0.0,0.0,5.0,5.0,5.0,5.0,88.0,89.0,85.0,90.0,2.5,3.0,2.8,2.6,0.0,0.0,0.0,0.0,11.0,21.54421875,100.0,1.0,,,FOM,,,,5.0,88.0,10.9
2,M02T07,Terrestre,125,J,TL1500_125_J,1455.0,15.0,14.0,14.5,14.0,210.0,33.0,30.0,30.0,31.5,0.0,0.0,0.0,0.0,0.0,0.0,0.0,0.0,5.0,5.0,5.0,5.0,88.0,89.0,85.0,90.0,2.5,3.0,2.8,2.6,0.0,0.0,0.0,0.0,11.0,21.54421875,100.0,1.0,,,FOM,,,,5.0,88.0,10.9
2,M02T07,Terrestre,175,J,TL1500_175_J,1455.0,15.0,14.0,14.5,14.0,210.0,33.0,30.0,30.0,31.5,0.0,0.0,0.0,0.0,0.0,0.0,0.0,0.0,5.0,5.0,5.0,5.0,88.0,89.0,85.0,90.0,2.5,3.0,2.8,2.6,0.0,0.0,0.0,0.0,11.0,21.54421875,100.0,1.0,,,FOM,,,,5.0,88.0,10.9
2,M02T07,Terrestre,225,J,TL1500_225_J,1455.0,15.0,14.0,14.5,14.0,210.0,33.0,30.0,30.0,31.5,0.0,0.0,0.0,0.0,0.0,0.0,0.0,0.0,5.0,5.0,5.0,5.0,88.0,89.0,85.0,90.0,2.5,3.0,2.8,2.6,0.0,0.0,0.0,0.0,11.0,21.54421875,100.0,1.0,,,FOM,,,,5.0,88.0,10.9
2,M02T07,Terrestre,25,M,TL1500_25_M,1455.0,15.0,14.0,14.5,14.0,210.0,33.0,30.0,30.0,31.5,0.0,0.0,0.0,0.0,0.0,0.0,0.0,0.0,5.0,5.0,5.0,5.0,88.0,89.0,85.0,90.0,2.5,3.0,2.8,2.6,0.0,0.0,0.0,0.0,11.0,21.54421875,100.0,1.0,,,FOM,,,,5.0,88.0,10.9
2,M02T07,Terrestre,75,M,TL1500_75_M,1455.0,15.0,14.0,14.5,14.0,210.0,33.0,30.0,30.0,31.5,0.0,0.0,0.0,0.0,0.0,0.0,0.0,0.0,5.0,5.0,5.0,5.0,88.0,89.0,85.0,90.0,2.5,3.0,2.8,2.6,0.0,0.0,0.0,0.0,11.0,21.54421875,100.0,1.0,,,FOM,,,,5.0,88.0,10.9
2,M02T07,Terrestre,125,M,TL1500_125_M,1455.0,15.0,14.0,14.5,14.0,210.0,33.0,30.0,30.0,31.5,0.0,0.0,0.0,0.0,0.0,0.0,0.0,0.0,5.0,5.0,5.0,5.0,88.0,89.0,85.0,90.0,2.5,3.0,2.8,2.6,0.0,0.0,0.0,0.0,11.0,21.54421875,100.0,1.0,,,FOM,,,,5.0,88.0,10.9
2,M02T07,Terrestre,175,M,TL1500_175_M,1455.0,15.0,14.0,14.5,14.0,210.0,33.0,30.0,30.0,31.5,0.0,0.0,0.0,0.0,0.0,0.0,0.0,0.0,5.0,5.0,5.0,5.0,88.0,89.0,85.0,90.0,2.5,3.0,2.8,2.6,0.0,0.0,0.0,0.0,11.0,21.54421875,100.0,1.0,,,FOM,,,,5.0,88.0,10.9
2,M02T07,Terrestre,225,M,TL1500_225_M,1455.0,15.0,14.0,14.5,14.0,210.0,33.0,30.0,30.0,31.5,0.0,0.0,0.0,0.0,0.0,0.0,0.0,0.0,5.0,5.0,5.0,5.0,88.0,89.0,85.0,90.0,2.5,3.0,2.8,2.6,0.0,0.0,0.0,0.0,11.0,21.54421875,100.0,1.0,,,FOM,,,,5.0,88.0,10.9
2,M02T08,Terrestre,25,J,TL2500_25_J,1455.0,15.0,14.0,14.5,14.0,210.0,33.0,30.0,30.0,31.5,0.0,0.0,0.0,0.0,0.0,0.0,0.0,0.0,5.0,5.0,5.0,5.0,88.0,89.0,85.0,90.0,2.5,3.0,2.8,2.6,0.0,0.0,0.0,0.0,11.0,21.54421875,100.0,1.0,,,FOM,,,,5.0,88.0,10.9
2,M02T08,Terrestre,75,J,TL2500_75_J,1455.0,15.0,14.0,14.5,14.0,210.0,33.0,30.0,30.0,31.5,0.0,0.0,0.0,0.0,0.0,0.0,0.0,0.0,5.0,5.0,5.0,5.0,88.0,89.0,85.0,90.0,2.5,3.0,2.8,2.6,0.0,0.0,0.0,0.0,11.0,21.54421875,100.0,1.0,,,FOM,,,,5.0,88.0,10.9
2,M02T08,Terrestre,125,J,TL2500_125_J,1455.0,15.0,14.0,14.5,14.0,210.0,33.0,30.0,30.0,31.5,0.0,0.0,0.0,0.0,0.0,0.0,0.0,0.0,5.0,5.0,5.0,5.0,88.0,89.0,85.0,90.0,2.5,3.0,2.8,2.6,0.0,0.0,0.0,0.0,11.0,21.54421875,100.0,1.0,,,FOM,,,,5.0,88.0,10.9
2,M02T08,Terrestre,175,J,TL2500_175_J,1455.0,15.0,14.0,14.5,14.0,210.0,33.0,30.0,30.0,31.5,0.0,0.0,0.0,0.0,0.0,0.0,0.0,0.0,5.0,5.0,5.0,5.0,88.0,89.0,85.0,90.0,2.5,3.0,2.8,2.6,0.0,0.0,0.0,0.0,11.0,21.54421875,100.0,1.0,,,FOM,,,,5.0,88.0,10.9
2,M02T08,Terrestre,225,J,TL2500_225_J,1455.0,15.0,14.0,14.5,14.0,210.0,33.0,30.0,30.0,31.5,0.0,0.0,0.0,0.0,0.0,0.0,0.0,0.0,5.0,5.0,5.0,5.0,88.0,89.0,85.0,90.0,2.5,3.0,2.8,2.6,0.0,0.0,0.0,0.0,11.0,21.54421875,100.0,1.0,,,FOM,,,,5.0,88.0,10.9
2,M02T08,Terrestre,25,M,TL2500_25_M,1455.0,15.0,14.0,14.5,14.0,210.0,33.0,30.0,30.0,31.5,0.0,0.0,0.0,0.0,0.0,0.0,0.0,0.0,5.0,5.0,5.0,5.0,88.0,89.0,85.0,90.0,2.5,3.0,2.8,2.6,0.0,0.0,0.0,0.0,11.0,21.54421875,100.0,1.0,,,FOM,,,,5.0,88.0,10.9
2,M02T08,Terrestre,75,M,TL2500_75_M,1455.0,15.0,14.0,14.5,14.0,210.0,33.0,30.0,30.0,31.5,0.0,0.0,0.0,0.0,0.0,0.0,0.0,0.0,5.0,5.0,5.0,5.0,88.0,89.0,85.0,90.0,2.5,3.0,2.8,2.6,0.0,0.0,0.0,0.0,11.0,21.54421875,100.0,1.0,,,FOM,,,,5.0,88.0,10.9
2,M02T08,Terrestre,125,M,TL2500_125_M,1455.0,15.0,14.0,14.5,14.0,210.0,33.0,30.0,30.0,31.5,0.0,0.0,0.0,0.0,0.0,0.0,0.0,0.0,5.0,5.0,5.0,5.0,88.0,89.0,85.0,90.0,2.5,3.0,2.8,2.6,0.0,0.0,0.0,0.0,11.0,21.54421875,100.0,1.0,,,FOM,,,,5.0,88.0,10.9
2,M02T08,Terrestre,175,M,TL2500_175_M,1455.0,15.0,14.0,14.5,14.0,210.0,33.0,30.0,30.0,31.5,0.0,0.0,0.0,0.0,0.0,0.0,0.0,0.0,5.0,5.0,5.0,5.0,88.0,89.0,85.0,90.0,2.5,3.0,2.8,2.6,0.0,0.0,0.0,0.0,11.0,21.54421875,100.0,1.0,,,FOM,,,,5.0,88.0,10.9
2,M02T08,Terrestre,225,M,TL2500_225_M,1455.0,15.0,14.0,14.5,14.0,210.0,33.0,30.0,30.0,31.5,0.0,0.0,0.0,0.0,0.0,0.0,0.0,0.0,5.0,5.0,5.0,5.0,88.0,89.0,85.0,90.0,2.5,3.0,2.8,2.6,0.0,0.0,0.0,0.0,11.0,21.54421875,100.0,1.0,,,FOM,,,,5.0,88.0,10.9
2,M02T09,Terrestre,25,J,TL3500_25_J,1455.0,15.0,14.0,14.5,14.0,210.0,33.0,30.0,30.0,31.5,0.0,0.0,0.0,0.0,0.0,0.0,0.0,0.0,5.0,5.0,5.0,5.0,88.0,89.0,85.0,90.0,2.5,3.0,2.8,2.6,0.0,0.0,0.0,0.0,11.0,21.54421875,100.0,1.0,,,FOM,,,,5.0,88.0,10.9
2,M02T09,Terrestre,75,J,TL3500_75_J,1455.0,15.0,14.0,14.5,14.0,210.0,33.0,30.0,30.0,31.5,0.0,0.0,0.0,0.0,0.0,0.0,0.0,0.0,5.0,5.0,5.0,5.0,88.0,89.0,85.0,90.0,2.5,3.0,2.8,2.6,0.0,0.0,0.0,0.0,11.0,21.54421875,100.0,1.0,,,FOM,,,,5.0,88.0,10.9
2,M02T09,Terrestre,125,J,TL3500_125_J,1455.0,15.0,14.0,14.5,14.0,210.0,33.0,30.0,30.0,31.5,0.0,0.0,0.0,0.0,0.0,0.0,0.0,0.0,5.0,5.0,5.0,5.0,88.0,89.0,85.0,90.0,2.5,3.0,2.8,2.6,0.0,0.0,0.0,0.0,11.0,21.54421875,100.0,1.0,,,FOM,,,,5.0,88.0,10.9
2,M02T09,Terrestre,175,J,TL3500_175_J,1455.0,15.0,14.0,14.5,14.0,210.0,33.0,30.0,30.0,31.5,0.0,0.0,0.0,0.0,0.0,0.0,0.0,0.0,5.0,5.0,5.0,5.0,88.0,89.0,85.0,90.0,2.5,3.0,2.8,2.6,0.0,0.0,0.0,0.0,11.0,21.54421875,100.0,1.0,,,FOM,,,,5.0,88.0,10.9
2,M02T09,Terrestre,225,J,TL3500_225_J,1455.0,15.0,14.0,14.5,14.0,210.0,33.0,30.0,30.0,31.5,0.0,0.0,0.0,0.0,0.0,0.0,0.0,0.0,5.0,5.0,5.0,5.0,88.0,89.0,85.0,90.0,2.5,3.0,2.8,2.6,0.0,0.0,0.0,0.0,11.0,21.54421875,100.0,1.0,,,FOM,,,,5.0,88.0,10.9
2,M02T09,Terrestre,25,M,TL3500_25_M,1455.0,15.0,14.0,14.5,14.0,210.0,33.0,30.0,30.0,31.5,0.0,0.0,0.0,0.0,0.0,0.0,0.0,0.0,5.0,5.0,5.0,5.0,88.0,89.0,85.0,90.0,2.5,3.0,2.8,2.6,0.0,0.0,0.0,0.0,11.0,21.54421875,100.0,1.0,,,FOM,,,,5.0,88.0,10.9
2,M02T09,Terrestre,75,M,TL3500_75_M,1455.0,15.0,14.0,14.5,14.0,210.0,33.0,30.0,30.0,31.5,0.0,0.0,0.0,0.0,0.0,0.0,0.0,0.0,5.0,5.0,5.0,5.0,88.0,89.0,85.0,90.0,2.5,3.0,2.8,2.6,0.0,0.0,0.0,0.0,11.0,21.54421875,100.0,1.0,,,FOM,,,,5.0,88.0,10.9
2,M02T09,Terrestre,125,M,TL3500_125_M,1455.0,15.0,14.0,14.5,14.0,210.0,33.0,30.0,30.0,31.5,0.0,0.0,0.0,0.0,0.0,0.0,0.0,0.0,5.0,5.0,5.0,5.0,88.0,89.0,85.0,90.0,2.5,3.0,2.8,2.6,0.0,0.0,0.0,0.0,11.0,21.54421875,100.0,1.0,,,FOM,,,,5.0,88.0,10.9
2,M02T09,Terrestre,175,M,TL3500_175_M,1455.0,15.0,14.0,14.5,14.0,210.0,33.0,30.0,30.0,31.5,0.0,0.0,0.0,0.0,0.0,0.0,0.0,0.0,5.0,5.0,5.0,5.0,88.0,89.0,85.0,90.0,2.5,3.0,2.8,2.6,0.0,0.0,0.0,0.0,11.0,21.54421875,100.0,1.0,,,FOM,,,,5.0,88.0,10.9
2,M02T09,Terrestre,225,M,TL3500_225_M,1455.0,15.0,14.0,14.5,14.0,210.0,33.0,30.0,30.0,31.5,0.0,0.0,0.0,0.0,0.0,0.0,0.0,0.0,5.0,5.0,5.0,5.0,88.0,89.0,85.0,90.0,2.5,3.0,2.8,2.6,0.0,0.0,0.0,0.0,11.0,21.54421875,100.0,1.0,,,FOM,,,,5.0,88.0,10.9
2,M02T10,Terrestre,25,J,TL4500_25_J,1455.0,15.0,14.0,14.5,14.0,210.0,33.0,30.0,30.0,31.5,0.0,0.0,0.0,0.0,0.0,0.0,0.0,0.0,5.0,5.0,5.0,5.0,88.0,89.0,85.0,90.0,2.5,3.0,2.8,2.6,0.0,0.0,0.0,0.0,11.0,21.54421875,100.0,1.0,,,FOM,,,,5.0,88.0,10.9
2,M02T10,Terrestre,75,J,TL4500_75_J,1455.0,15.0,14.0,14.5,14.0,210.0,33.0,30.0,30.0,31.5,0.0,0.0,0.0,0.0,0.0,0.0,0.0,0.0,5.0,5.0,5.0,5.0,88.0,89.0,85.0,90.0,2.5,3.0,2.8,2.6,0.0,0.0,0.0,0.0,11.0,21.54421875,100.0,1.0,,,FOM,,,,5.0,88.0,10.9
2,M02T10,Terrestre,125,J,TL4500_125_J,1455.0,15.0,14.0,14.5,14.0,210.0,33.0,30.0,30.0,31.5,0.0,0.0,0.0,0.0,0.0,0.0,0.0,0.0,5.0,5.0,5.0,5.0,88.0,89.0,85.0,90.0,2.5,3.0,2.8,2.6,0.0,0.0,0.0,0.0,11.0,21.54421875,100.0,1.0,,,FOM,,,,5.0,88.0,10.9
2,M02T10,Terrestre,175,J,TL4500_175_J,1455.0,15.0,14.0,14.5,14.0,210.0,33.0,30.0,30.0,31.5,0.0,0.0,0.0,0.0,0.0,0.0,0.0,0.0,5.0,5.0,5.0,5.0,88.0,89.0,85.0,90.0,2.5,3.0,2.8,2.6,0.0,0.0,0.0,0.0,11.0,21.54421875,100.0,1.0,,,FOM,,,,5.0,88.0,10.9
2,M02T10,Terrestre,225,J,TL4500_225_J,1455.0,15.0,14.0,14.5,14.0,210.0,33.0,30.0,30.0,31.5,0.0,0.0,0.0,0.0,0.0,0.0,0.0,0.0,5.0,5.0,5.0,5.0,88.0,89.0,85.0,90.0,2.5,3.0,2.8,2.6,0.0,0.0,0.0,0.0,11.0,21.54421875,100.0,1.0,,,FOM,,,,5.0,88.0,10.9
2,M02T10,Terrestre,25,M,TL4500_25_M,1455.0,15.0,14.0,14.5,14.0,210.0,33.0,30.0,30.0,31.5,0.0,0.0,0.0,0.0,0.0,0.0,0.0,0.0,5.0,5.0,5.0,5.0,88.0,89.0,85.0,90.0,2.5,3.0,2.8,2.6,0.0,0.0,0.0,0.0,11.0,21.54421875,100.0,1.0,,,FOM,,,,5.0,88.0,10.9
2,M02T10,Terrestre,75,M,TL4500_75_M,1455.0,15.0,14.0,14.5,14.0,210.0,33.0,30.0,30.0,31.5,0.0,0.0,0.0,0.0,0.0,0.0,0.0,0.0,5.0,5.0,5.0,5.0,88.0,89.0,85.0,90.0,2.5,3.0,2.8,2.6,0.0,0.0,0.0,0.0,11.0,21.54421875,100.0,1.0,,,FOM,,,,5.0,88.0,10.9
2,M02T10,Terrestre,125,M,TL4500_125_M,1455.0,15.0,14.0,14.5,14.0,210.0,33.0,30.0,30.0,31.5,0.0,0.0,0.0,0.0,0.0,0.0,0.0,0.0,5.0,5.0,5.0,5.0,88.0,89.0,85.0,90.0,2.5,3.0,2.8,2.6,0.0,0.0,0.0,0.0,11.0,21.54421875,100.0,1.0,,,FOM,,,,5.0,88.0,10.9
2,M02T10,Terrestre,175,M,TL4500_175_M,1455.0,15.0,14.0,14.5,14.0,210.0,33.0,30.0,30.0,31.5,0.0,0.0,0.0,0.0,0.0,0.0,0.0,0.0,5.0,5.0,5.0,5.0,88.0,89.0,85.0,90.0,2.5,3.0,2.8,2.6,0.0,0.0,0.0,0.0,11.0,21.54421875,100.0,1.0,,,FOM,,,,5.0,88.0,10.9
2,M02T10,Terrestre,225,M,TL4500_225_M,1455.0,15.0,14.0,14.5,14.0,210.0,33.0,30.0,30.0,31.5,0.0,0.0,0.0,0.0,0.0,0.0,0.0,0.0,5.0,5.0,5.0,5.0,88.0,89.0,85.0,90.0,2.5,3.0,2.8,2.6,0.0,0.0,0.0,0.0,11.0,21.54421875,100.0,1.0,,,FOM,,,,5.0,88.0,10.9
2,M02R01,Ripária,25,J,_25_J,1561.0,15.0,14.0,14.5,14.0,210.0,33.0,30.0,30.0,31.5,0.0,0.0,0.0,0.0,0.0,0.0,0.0,0.0,5.0,5.0,5.0,5.0,88.0,89.0,85.0,90.0,2.5,3.0,2.8,2.6,0.0,0.0,0.0,0.0,11.0,21.54421875,100.0,1.0,,,,,,,5.0,88.0,10.9
2,M02R01,Ripária,75,J,_75_J,1561.0,15.0,14.0,14.5,14.0,210.0,33.0,30.0,30.0,31.5,0.0,0.0,0.0,0.0,0.0,0.0,0.0,0.0,5.0,5.0,5.0,5.0,88.0,89.0,85.0,90.0,2.5,3.0,2.8,2.6,0.0,0.0,0.0,0.0,11.0,21.54421875,100.0,1.0,,,,,,,5.0,88.0,10.9
2,M02R01,Ripária,125,J,_125_J,1561.0,15.0,14.0,14.5,14.0,210.0,33.0,30.0,30.0,31.5,0.0,0.0,0.0,0.0,0.0,0.0,0.0,0.0,5.0,5.0,5.0,5.0,88.0,89.0,85.0,90.0,2.5,3.0,2.8,2.6,0.0,0.0,0.0,0.0,11.0,21.54421875,100.0,1.0,,,,,,,5.0,88.0,10.9
2,M02R01,Ripária,175,J,_175_J,1561.0,15.0,14.0,14.5,14.0,210.0,33.0,30.0,30.0,31.5,0.0,0.0,0.0,0.0,0.0,0.0,0.0,0.0,5.0,5.0,5.0,5.0,88.0,89.0,85.0,90.0,2.5,3.0,2.8,2.6,0.0,0.0,0.0,0.0,11.0,21.54421875,100.0,1.0,,,,,,,5.0,88.0,10.9
2,M02R01,Ripária,225,J,_225_J,1561.0,15.0,14.0,14.5,14.0,210.0,33.0,30.0,30.0,31.5,0.0,0.0,0.0,0.0,0.0,0.0,0.0,0.0,5.0,5.0,5.0,5.0,88.0,89.0,85.0,90.0,2.5,3.0,2.8,2.6,0.0,0.0,0.0,0.0,11.0,21.54421875,100.0,1.0,,,,,,,5.0,88.0,10.9
2,M02R01,Ripária,25,M,_25_M,1561.0,15.0,14.0,14.5,14.0,210.0,33.0,30.0,30.0,31.5,0.0,0.0,0.0,0.0,0.0,0.0,0.0,0.0,5.0,5.0,5.0,5.0,88.0,89.0,85.0,90.0,2.5,3.0,2.8,2.6,0.0,0.0,0.0,0.0,11.0,21.54421875,100.0,1.0,,,,,,,5.0,88.0,10.9
2,M02R01,Ripária,75,M,_75_M,1561.0,15.0,14.0,14.5,14.0,210.0,33.0,30.0,30.0,31.5,0.0,0.0,0.0,0.0,0.0,0.0,0.0,0.0,5.0,5.0,5.0,5.0,88.0,89.0,85.0,90.0,2.5,3.0,2.8,2.6,0.0,0.0,0.0,0.0,11.0,21.54421875,100.0,1.0,,,,,,,5.0,88.0,10.9
2,M02R01,Ripária,125,M,_125_M,1561.0,15.0,14.0,14.5,14.0,210.0,33.0,30.0,30.0,31.5,0.0,0.0,0.0,0.0,0.0,0.0,0.0,0.0,5.0,5.0,5.0,5.0,88.0,89.0,85.0,90.0,2.5,3.0,2.8,2.6,0.0,0.0,0.0,0.0,11.0,21.54421875,100.0,1.0,,,,,,,5.0,88.0,10.9
2,M02R01,Ripária,175,M,_175_M,1561.0,15.0,14.0,14.5,14.0,210.0,33.0,30.0,30.0,31.5,0.0,0.0,0.0,0.0,0.0,0.0,0.0,0.0,5.0,5.0,5.0,5.0,88.0,89.0,85.0,90.0,2.5,3.0,2.8,2.6,0.0,0.0,0.0,0.0,11.0,21.54421875,100.0,1.0,,,,,,,5.0,88.0,10.9
2,M02R01,Ripária,225,M,_225_M,1561.0,15.0,14.0,14.5,14.0,210.0,33.0,30.0,30.0,31.5,0.0,0.0,0.0,0.0,0.0,0.0,0.0,0.0,5.0,5.0,5.0,5.0,88.0,89.0,85.0,90.0,2.5,3.0,2.8,2.6,0.0,0.0,0.0,0.0,11.0,21.54421875,100.0,1.0,,,,,,,5.0,88.0,10.9
2,M02R01,Ripária,25,C,_25_C,1561.0,15.0,14.0,14.5,14.0,210.0,33.0,30.0,30.0,31.5,0.0,0.0,0.0,0.0,0.0,0.0,0.0,0.0,5.0,5.0,5.0,5.0,88.0,89.0,85.0,90.0,2.5,3.0,2.8,2.6,0.0,0.0,0.0,0.0,11.0,21.54421875,100.0,1.0,,,,,,,5.0,88.0,10.9
2,M02R01,Ripária,75,C,_75_C,1561.0,15.0,14.0,14.5,14.0,210.0,33.0,30.0,30.0,31.5,0.0,0.0,0.0,0.0,0.0,0.0,0.0,0.0,5.0,5.0,5.0,5.0,88.0,89.0,85.0,90.0,2.5,3.0,2.8,2.6,0.0,0.0,0.0,0.0,11.0,21.54421875,100.0,1.0,,,,,,,5.0,88.0,10.9
2,M02R01,Ripária,125,C,_125_C,1561.0,15.0,14.0,14.5,14.0,210.0,33.0,30.0,30.0,31.5,0.0,0.0,0.0,0.0,0.0,0.0,0.0,0.0,5.0,5.0,5.0,5.0,88.0,89.0,85.0,90.0,2.5,3.0,2.8,2.6,0.0,0.0,0.0,0.0,11.0,21.54421875,100.0,1.0,,,,,,,5.0,88.0,10.9
2,M02R01,Ripária,175,C,_175_C,1561.0,15.0,14.0,14.5,14.0,210.0,33.0,30.0,30.0,31.5,0.0,0.0,0.0,0.0,0.0,0.0,0.0,0.0,5.0,5.0,5.0,5.0,88.0,89.0,85.0,90.0,2.5,3.0,2.8,2.6,0.0,0.0,0.0,0.0,11.0,21.54421875,100.0,1.0,,,,,,,5.0,88.0,10.9
2,M02R01,Ripária,225,C,_225_C,1561.0,15.0,14.0,14.5,14.0,210.0,33.0,30.0,30.0,31.5,0.0,0.0,0.0,0.0,0.0,0.0,0.0,0.0,5.0,5.0,5.0,5.0,88.0,89.0,85.0,90.0,2.5,3.0,2.8,2.6,0.0,0.0,0.0,0.0,11.0,21.54421875,100.0,1.0,,,,,,,5.0,88.0,10.9
2,,Ripária,25,J,_25_J,1455.0,15.0,14.0,14.5,14.0,210.0,33.0,30.0,30.0,31.5,0.0,0.0,0.0,0.0,0.0,0.0,0.0,0.0,5.0,5.0,5.0,5.0,88.0,89.0,85.0,90.0,2.5,3.0,2.8,2.6,0.0,0.0,0.0,0.0,11.0,21.54421875,100.0,1.0,,,,,,,5.0,88.0,10.9
2,,Ripária,75,J,_75_J,1455.0,15.0,14.0,14.5,14.0,210.0,33.0,30.0,30.0,31.5,0.0,0.0,0.0,0.0,0.0,0.0,0.0,0.0,5.0,5.0,5.0,5.0,88.0,89.0,85.0,90.0,2.5,3.0,2.8,2.6,0.0,0.0,0.0,0.0,11.0,21.54421875,100.0,1.0,,,,,,,5.0,88.0,10.9
2,,Ripária,125,J,_125_J,1455.0,15.0,14.0,14.5,14.0,210.0,33.0,30.0,30.0,31.5,0.0,0.0,0.0,0.0,0.0,0.0,0.0,0.0,5.0,5.0,5.0,5.0,88.0,89.0,85.0,90.0,2.5,3.0,2.8,2.6,0.0,0.0,0.0,0.0,11.0,21.54421875,100.0,1.0,,,,,,,5.0,88.0,10.9
2,,Ripária,175,J,_175_J,1455.0,15.0,14.0,14.5,14.0,210.0,33.0,30.0,30.0,31.5,0.0,0.0,0.0,0.0,0.0,0.0,0.0,0.0,5.0,5.0,5.0,5.0,88.0,89.0,85.0,90.0,2.5,3.0,2.8,2.6,0.0,0.0,0.0,0.0,11.0,21.54421875,100.0,1.0,,,,,,,5.0,88.0,10.9
2,,Ripária,225,J,_225_J,1455.0,15.0,14.0,14.5,14.0,210.0,33.0,30.0,30.0,31.5,0.0,0.0,0.0,0.0,0.0,0.0,0.0,0.0,5.0,5.0,5.0,5.0,88.0,89.0,85.0,90.0,2.5,3.0,2.8,2.6,0.0,0.0,0.0,0.0,11.0,21.54421875,100.0,1.0,,,,,,,5.0,88.0,10.9
2,,Ripária,25,M,_25_M,1455.0,15.0,14.0,14.5,14.0,210.0,33.0,30.0,30.0,31.5,0.0,0.0,0.0,0.0,0.0,0.0,0.0,0.0,5.0,5.0,5.0,5.0,88.0,89.0,85.0,90.0,2.5,3.0,2.8,2.6,0.0,0.0,0.0,0.0,11.0,21.54421875,100.0,1.0,,,,,,,5.0,88.0,10.9
2,,Ripária,75,M,_75_M,1455.0,15.0,14.0,14.5,14.0,210.0,33.0,30.0,30.0,31.5,0.0,0.0,0.0,0.0,0.0,0.0,0.0,0.0,5.0,5.0,5.0,5.0,88.0,89.0,85.0,90.0,2.5,3.0,2.8,2.6,0.0,0.0,0.0,0.0,11.0,21.54421875,100.0,1.0,,,,,,,5.0,88.0,10.9
2,,Ripária,125,M,_125_M,1455.0,15.0,14.0,14.5,14.0,210.0,33.0,30.0,30.0,31.5,0.0,0.0,0.0,0.0,0.0,0.0,0.0,0.0,5.0,5.0,5.0,5.0,88.0,89.0,85.0,90.0,2.5,3.0,2.8,2.6,0.0,0.0,0.0,0.0,11.0,21.54421875,100.0,1.0,,,,,,,5.0,88.0,10.9
2,,Ripária,175,M,_175_M,1455.0,15.0,14.0,14.5,14.0,210.0,33.0,30.0,30.0,31.5,0.0,0.0,0.0,0.0,0.0,0.0,0.0,0.0,5.0,5.0,5.0,5.0,88.0,89.0,85.0,90.0,2.5,3.0,2.8,2.6,0.0,0.0,0.0,0.0,11.0,21.54421875,100.0,1.0,,,,,,,5.0,88.0,10.9
2,,Ripária,225,M,_225_M,1455.0,15.0,14.0,14.5,14.0,210.0,33.0,30.0,30.0,31.5,0.0,0.0,0.0,0.0,0.0,0.0,0.0,0.0,5.0,5.0,5.0,5.0,88.0,89.0,85.0,90.0,2.5,3.0,2.8,2.6,0.0,0.0,0.0,0.0,11.0,21.54421875,100.0,1.0,,,,,,,5.0,88.0,10.9
2,,Ripária,25,J,_25_J,1455.0,15.0,14.0,14.5,14.0,210.0,33.0,30.0,30.0,31.5,0.0,0.0,0.0,0.0,0.0,0.0,0.0,0.0,5.0,5.0,5.0,5.0,88.0,89.0,85.0,90.0,2.5,3.0,2.8,2.6,0.0,0.0,0.0,0.0,11.0,21.54421875,100.0,1.0,,,,,,,5.0,88.0,10.9
2,,Ripária,75,J,_75_J,1455.0,15.0,14.0,14.5,14.0,210.0,33.0,30.0,30.0,31.5,0.0,0.0,0.0,0.0,0.0,0.0,0.0,0.0,5.0,5.0,5.0,5.0,88.0,89.0,85.0,90.0,2.5,3.0,2.8,2.6,0.0,0.0,0.0,0.0,11.0,21.54421875,100.0,1.0,,,,,,,5.0,88.0,10.9
2,,Ripária,125,J,_125_J,1455.0,15.0,14.0,14.5,14.0,210.0,33.0,30.0,30.0,31.5,0.0,0.0,0.0,0.0,0.0,0.0,0.0,0.0,5.0,5.0,5.0,5.0,88.0,89.0,85.0,90.0,2.5,3.0,2.8,2.6,0.0,0.0,0.0,0.0,11.0,21.54421875,100.0,1.0,,,,,,,5.0,88.0,10.9
2,,Ripária,175,J,_175_J,1455.0,15.0,14.0,14.5,14.0,210.0,33.0,30.0,30.0,31.5,0.0,0.0,0.0,0.0,0.0,0.0,0.0,0.0,5.0,5.0,5.0,5.0,88.0,89.0,85.0,90.0,2.5,3.0,2.8,2.6,0.0,0.0,0.0,0.0,11.0,21.54421875,100.0,1.0,,,,,,,5.0,88.0,10.9
2,,Ripária,225,J,_225_J,1455.0,15.0,14.0,14.5,14.0,210.0,33.0,30.0,30.0,31.5,0.0,0.0,0.0,0.0,0.0,0.0,0.0,0.0,5.0,5.0,5.0,5.0,88.0,89.0,85.0,90.0,2.5,3.0,2.8,2.6,0.0,0.0,0.0,0.0,11.0,21.54421875,100.0,1.0,,,,,,,5.0,88.0,10.9
2,,Ripária,25,M,_25_M,1455.0,15.0,14.0,14.5,14.0,210.0,33.0,30.0,30.0,31.5,0.0,0.0,0.0,0.0,0.0,0.0,0.0,0.0,5.0,5.0,5.0,5.0,88.0,89.0,85.0,90.0,2.5,3.0,2.8,2.6,0.0,0.0,0.0,0.0,11.0,21.54421875,100.0,1.0,,,,,,,5.0,88.0,10.9
2,,Ripária,75,M,_75_M,1455.0,15.0,14.0,14.5,14.0,210.0,33.0,30.0,30.0,31.5,0.0,0.0,0.0,0.0,0.0,0.0,0.0,0.0,5.0,5.0,5.0,5.0,88.0,89.0,85.0,90.0,2.5,3.0,2.8,2.6,0.0,0.0,0.0,0.0,11.0,21.54421875,100.0,1.0,,,,,,,5.0,88.0,10.9
2,,Ripária,125,M,_125_M,1455.0,15.0,14.0,14.5,14.0,210.0,33.0,30.0,30.0,31.5,0.0,0.0,0.0,0.0,0.0,0.0,0.0,0.0,5.0,5.0,5.0,5.0,88.0,89.0,85.0,90.0,2.5,3.0,2.8,2.6,0.0,0.0,0.0,0.0,11.0,21.54421875,100.0,1.0,,,,,,,5.0,88.0,10.9
2,,Ripária,175,M,_175_M,1455.0,15.0,14.0,14.5,14.0,210.0,33.0,30.0,30.0,31.5,0.0,0.0,0.0,0.0,0.0,0.0,0.0,0.0,5.0,5.0,5.0,5.0,88.0,89.0,85.0,90.0,2.5,3.0,2.8,2.6,0.0,0.0,0.0,0.0,11.0,21.54421875,100.0,1.0,,,,,,,5.0,88.0,10.9
2,,Ripária,225,M,_225_M,1455.0,15.0,14.0,14.5,14.0,210.0,33.0,30.0,30.0,31.5,0.0,0.0,0.0,0.0,0.0,0.0,0.0,0.0,5.0,5.0,5.0,5.0,88.0,89.0,85.0,90.0,2.5,3.0,2.8,2.6,0.0,0.0,0.0,0.0,11.0,21.54421875,100.0,1.0,,,,,,,5.0,88.0,10.9
2,,Ripária,25,J,_25_J,1455.0,15.0,14.0,14.5,14.0,210.0,33.0,30.0,30.0,31.5,0.0,0.0,0.0,0.0,0.0,0.0,0.0,0.0,5.0,5.0,5.0,5.0,88.0,89.0,85.0,90.0,2.5,3.0,2.8,2.6,0.0,0.0,0.0,0.0,11.0,21.54421875,100.0,1.0,,,,,,,5.0,88.0,10.9
2,,Ripária,75,J,_75_J,1455.0,15.0,14.0,14.5,14.0,210.0,33.0,30.0,30.0,31.5,0.0,0.0,0.0,0.0,0.0,0.0,0.0,0.0,5.0,5.0,5.0,5.0,88.0,89.0,85.0,90.0,2.5,3.0,2.8,2.6,0.0,0.0,0.0,0.0,11.0,21.54421875,100.0,1.0,,,,,,,5.0,88.0,10.9
2,,Ripária,125,J,_125_J,1455.0,15.0,14.0,14.5,14.0,210.0,33.0,30.0,30.0,31.5,0.0,0.0,0.0,0.0,0.0,0.0,0.0,0.0,5.0,5.0,5.0,5.0,88.0,89.0,85.0,90.0,2.5,3.0,2.8,2.6,0.0,0.0,0.0,0.0,11.0,21.54421875,100.0,1.0,,,,,,,5.0,88.0,10.9
2,,Ripária,175,J,_175_J,1455.0,15.0,14.0,14.5,14.0,210.0,33.0,30.0,30.0,31.5,0.0,0.0,0.0,0.0,0.0,0.0,0.0,0.0,5.0,5.0,5.0,5.0,88.0,89.0,85.0,90.0,2.5,3.0,2.8,2.6,0.0,0.0,0.0,0.0,11.0,21.54421875,100.0,1.0,,,,,,,5.0,88.0,10.9
2,,Ripária,225,J,_225_J,1455.0,15.0,14.0,14.5,14.0,210.0,33.0,30.0,30.0,31.5,0.0,0.0,0.0,0.0,0.0,0.0,0.0,0.0,5.0,5.0,5.0,5.0,88.0,89.0,85.0,90.0,2.5,3.0,2.8,2.6,0.0,0.0,0.0,0.0,11.0,21.54421875,100.0,1.0,,,,,,,5.0,88.0,10.9
2,,Ripária,25,M,_25_M,1455.0,15.0,14.0,14.5,14.0,210.0,33.0,30.0,30.0,31.5,0.0,0.0,0.0,0.0,0.0,0.0,0.0,0.0,5.0,5.0,5.0,5.0,88.0,89.0,85.0,90.0,2.5,3.0,2.8,2.6,0.0,0.0,0.0,0.0,11.0,21.54421875,100.0,1.0,,,,,,,5.0,88.0,10.9
2,,Ripária,75,M,_75_M,1455.0,15.0,14.0,14.5,14.0,210.0,33.0,30.0,30.0,31.5,0.0,0.0,0.0,0.0,0.0,0.0,0.0,0.0,5.0,5.0,5.0,5.0,88.0,89.0,85.0,90.0,2.5,3.0,2.8,2.6,0.0,0.0,0.0,0.0,11.0,21.54421875,100.0,1.0,,,,,,,5.0,88.0,10.9
2,,Ripária,125,M,_125_M,1455.0,15.0,14.0,14.5,14.0,210.0,33.0,30.0,30.0,31.5,0.0,0.0,0.0,0.0,0.0,0.0,0.0,0.0,5.0,5.0,5.0,5.0,88.0,89.0,85.0,90.0,2.5,3.0,2.8,2.6,0.0,0.0,0.0,0.0,11.0,21.54421875,100.0,1.0,,,,,,,5.0,88.0,10.9
2,,Ripária,175,M,_175_M,1455.0,15.0,14.0,14.5,14.0,210.0,33.0,30.0,30.0,31.5,0.0,0.0,0.0,0.0,0.0,0.0,0.0,0.0,5.0,5.0,5.0,5.0,88.0,89.0,85.0,90.0,2.5,3.0,2.8,2.6,0.0,0.0,0.0,0.0,11.0,21.54421875,100.0,1.0,,,,,,,5.0,88.0,10.9
2,,Ripária,225,M,_225_M,1455.0,15.0,14.0,14.5,14.0,210.0,33.0,30.0,30.0,31.5,0.0,0.0,0.0,0.0,0.0,0.0,0.0,0.0,5.0,5.0,5.0,5.0,88.0,89.0,85.0,90.0,2.5,3.0,2.8,2.6,0.0,0.0,0.0,0.0,11.0,21.54421875,100.0,1.0,,,,,,,5.0,88.0,10.9
2,,Ripária,25,J,_25_J,1455.0,15.0,14.0,14.5,14.0,210.0,33.0,30.0,30.0,31.5,0.0,0.0,0.0,0.0,0.0,0.0,0.0,0.0,5.0,5.0,5.0,5.0,88.0,89.0,85.0,90.0,2.5,3.0,2.8,2.6,0.0,0.0,0.0,0.0,11.0,21.54421875,100.0,1.0,,,,,,,5.0,88.0,10.9
2,,Ripária,75,J,_75_J,1455.0,15.0,14.0,14.5,14.0,210.0,33.0,30.0,30.0,31.5,0.0,0.0,0.0,0.0,0.0,0.0,0.0,0.0,5.0,5.0,5.0,5.0,88.0,89.0,85.0,90.0,2.5,3.0,2.8,2.6,0.0,0.0,0.0,0.0,11.0,21.54421875,100.0,1.0,,,,,,,5.0,88.0,10.9
2,,Ripária,125,J,_125_J,1455.0,15.0,14.0,14.5,14.0,210.0,33.0,30.0,30.0,31.5,0.0,0.0,0.0,0.0,0.0,0.0,0.0,0.0,5.0,5.0,5.0,5.0,88.0,89.0,85.0,90.0,2.5,3.0,2.8,2.6,0.0,0.0,0.0,0.0,11.0,21.54421875,100.0,1.0,,,,,,,5.0,88.0,10.9
2,,Ripária,175,J,_175_J,1455.0,15.0,14.0,14.5,14.0,210.0,33.0,30.0,30.0,31.5,0.0,0.0,0.0,0.0,0.0,0.0,0.0,0.0,5.0,5.0,5.0,5.0,88.0,89.0,85.0,90.0,2.5,3.0,2.8,2.6,0.0,0.0,0.0,0.0,11.0,21.54421875,100.0,1.0,,,,,,,5.0,88.0,10.9
2,,Ripária,225,J,_225_J,1455.0,15.0,14.0,14.5,14.0,210.0,33.0,30.0,30.0,31.5,0.0,0.0,0.0,0.0,0.0,0.0,0.0,0.0,5.0,5.0,5.0,5.0,88.0,89.0,85.0,90.0,2.5,3.0,2.8,2.6,0.0,0.0,0.0,0.0,11.0,21.54421875,100.0,1.0,,,,,,,5.0,88.0,10.9
2,,Ripária,25,M,_25_M,1455.0,15.0,14.0,14.5,14.0,210.0,33.0,30.0,30.0,31.5,0.0,0.0,0.0,0.0,0.0,0.0,0.0,0.0,5.0,5.0,5.0,5.0,88.0,89.0,85.0,90.0,2.5,3.0,2.8,2.6,0.0,0.0,0.0,0.0,11.0,21.54421875,100.0,1.0,,,,,,,5.0,88.0,10.9
2,,Ripária,75,M,_75_M,1455.0,15.0,14.0,14.5,14.0,210.0,33.0,30.0,30.0,31.5,0.0,0.0,0.0,0.0,0.0,0.0,0.0,0.0,5.0,5.0,5.0,5.0,88.0,89.0,85.0,90.0,2.5,3.0,2.8,2.6,0.0,0.0,0.0,0.0,11.0,21.54421875,100.0,1.0,,,,,,,5.0,88.0,10.9
2,,Ripária,125,M,_125_M,1455.0,15.0,14.0,14.5,14.0,210.0,33.0,30.0,30.0,31.5,0.0,0.0,0.0,0.0,0.0,0.0,0.0,0.0,5.0,5.0,5.0,5.0,88.0,89.0,85.0,90.0,2.5,3.0,2.8,2.6,0.0,0.0,0.0,0.0,11.0,21.54421875,100.0,1.0,,,,,,,5.0,88.0,10.9
2,,Ripária,175,M,_175_M,1455.0,15.0,14.0,14.5,14.0,210.0,33.0,30.0,30.0,31.5,0.0,0.0,0.0,0.0,0.0,0.0,0.0,0.0,5.0,5.0,5.0,5.0,88.0,89.0,85.0,90.0,2.5,3.0,2.8,2.6,0.0,0.0,0.0,0.0,11.0,21.54421875,100.0,1.0,,,,,,,5.0,88.0,10.9
2,,Ripária,225,M,_225_M,1455.0,15.0,14.0,14.5,14.0,210.0,33.0,30.0,30.0,31.5,0.0,0.0,0.0,0.0,0.0,0.0,0.0,0.0,5.0,5.0,5.0,5.0,88.0,89.0,85.0,90.0,2.5,3.0,2.8,2.6,0.0,0.0,0.0,0.0,11.0,21.54421875,100.0,1.0,,,,,,,5.0,88.0,10.9
3,M03T01,Terrestre,25,J,T01_25_J,500.0,32.0,47.0,49.0,55.0,115.0,51.0,51.0,51.0,51.0,0.0,0.0,0.0,0.0,8.0,40.0,25.0,50.0,5.0,1.0,0.0,8.0,87.0,59.0,75.0,42.0,2.0,2.0,1.0,0.0,0.0,0.0,0.0,0.0,9.0,16.42395833,100.0,1.0,,,FOD,,,,3.5,65.75,5.0
3,M03T01,Terrestre,75,J,T01_75_J,500.0,10.0,24.0,10.0,14.0,190.0,51.0,51.0,51.0,51.0,0.0,0.0,0.0,0.0,0.0,0.0,0.0,50.0,0.0,5.0,10.0,0.0,100.0,95.0,90.0,50.0,5.0,5.0,6.5,1.0,0.0,0.0,0.0,0.0,12.0,16.0496875,100.0,1.0,,,FOD,,,,3.75,83.75,17.5
3,M03T01,Terrestre,125,J,T01_125_J,500.0,14.0,17.0,17.0,16.0,200.0,51.0,51.0,51.0,51.0,0.0,0.0,0.0,0.0,2.0,15.0,20.0,10.0,5.0,5.0,0.0,5.0,93.0,80.0,80.0,85.0,2.0,1.0,0.5,5.0,0.0,0.0,0.0,0.0,12.0,9.3978125,100.0,1.0,,,FOD,,,,3.75,84.5,8.5
3,M03T01,Terrestre,175,J,T01_175_J,500.0,2.0,0.0,1.0,1.0,350.0,51.0,51.0,51.0,51.0,0.0,0.0,0.0,0.0,10.0,0.0,5.0,1.0,2.0,1.0,5.0,7.0,88.0,99.0,90.0,92.0,3.0,6.0,2.0,4.0,0.0,0.0,0.0,0.0,11.0,15.2696875,100.0,1.0,,,FOD,,,,3.75,92.25,15.0
3,M03T01,Terrestre,225,J,T01_225_J,500.0,27.0,33.0,35.0,26.0,350.0,51.0,51.0,51.0,51.0,0.0,0.0,0.0,0.0,10.0,2.0,80.0,80.0,5.0,15.0,5.0,1.0,85.0,83.0,15.0,19.0,0.5,1.0,0.0,0.5,0.0,0.0,0.0,0.0,20.0,25.71697917,100.0,1.0,,,FOD,,,,6.5,50.5,2.0
3,M03T01,Terrestre,25,M,T01_25_M,500.0,26.0,19.0,16.0,18.0,140.0,51.0,51.0,51.0,51.0,0.0,0.0,0.0,0.0,10.0,0.0,0.0,2.0,0.0,0.0,0.0,0.0,90.0,100.0,100.0,98.0,2.0,6.0,2.0,2.0,0.0,0.0,0.0,0.0,12.0,11.76427083,100.0,1.0,,,FOD,,,,0.0,97.0,12.0
3,M03T01,Terrestre,75,M,T01_75_M,500.0,21.0,18.0,22.0,13.0,185.0,51.0,51.0,51.0,51.0,0.0,0.0,0.0,0.0,1.0,10.0,0.0,10.0,0.0,5.0,5.0,0.0,99.0,85.0,95.0,90.0,0.5,0.5,2.0,1.0,0.0,0.0,0.0,0.0,10.0,12.27416667,100.0,1.0,,,FOD,,,,2.5,92.25,4.0
3,M03T01,Terrestre,125,M,T01_125_M,500.0,1.0,4.0,1.0,2.0,248.0,51.0,51.0,51.0,51.0,0.0,0.0,0.0,0.0,0.0,0.0,0.0,0.0,5.0,1.0,4.0,5.0,95.0,99.0,96.0,95.0,4.0,3.0,6.0,6.0,0.0,0.0,0.0,0.0,18.0,17.6725,100.0,1.0,,,FOD,,,,3.75,96.25,19.0
3,M03T01,Terrestre,175,M,T01_175_M,500.0,0.0,0.0,5.0,1.0,235.0,51.0,51.0,51.0,51.0,0.0,0.0,0.0,0.0,0.0,0.0,0.0,0.0,2.0,0.5,0.0,8.0,98.0,99.5,100.0,92.0,3.5,4.5,5.0,9.5,0.0,0.0,0.0,0.0,13.0,4.3909375,100.0,1.0,,,FOD,,,,2.625,97.375,22.5
3,M03T01,Terrestre,225,M,T01_225_M,500.0,6.0,3.0,9.0,12.0,161.0,51.0,51.0,51.0,51.0,0.0,0.0,0.0,0.0,0.0,0.0,0.0,0.0,5.0,8.0,2.0,2.0,95.0,92.0,98.0,98.0,2.5,11.0,8.0,8.0,0.0,0.0,0.0,0.0,18.0,11.05729167,100.0,1.0,,,FOD,,,,4.25,95.75,29.5
3,M03T02,Terrestre,25,J,T02_25_J,610.0,15.0,14.0,14.5,14.0,210.0,33.0,30.0,30.0,31.5,0.0,0.0,0.0,0.0,0.0,0.0,0.0,0.0,5.0,5.0,5.0,5.0,88.0,89.0,85.0,90.0,2.5,3.0,2.8,2.6,0.0,0.0,0.0,0.0,11.0,21.54421875,100.0,1.0,,,FOD,,,,5.0,88.0,10.9
3,M03T02,Terrestre,75,J,T02_75_J,610.0,15.0,14.0,14.5,14.0,210.0,33.0,30.0,30.0,31.5,0.0,0.0,0.0,0.0,0.0,0.0,0.0,0.0,5.0,5.0,5.0,5.0,88.0,89.0,85.0,90.0,2.5,3.0,2.8,2.6,0.0,0.0,0.0,0.0,11.0,21.54421875,100.0,1.0,,,FOD,,,,5.0,88.0,10.9
3,M03T02,Terrestre,125,J,T02_125_J,610.0,15.0,14.0,14.5,14.0,210.0,33.0,30.0,30.0,31.5,0.0,0.0,0.0,0.0,0.0,0.0,0.0,0.0,5.0,5.0,5.0,5.0,88.0,89.0,85.0,90.0,2.5,3.0,2.8,2.6,0.0,0.0,0.0,0.0,11.0,21.54421875,100.0,1.0,,,FOD,,,,5.0,88.0,10.9
3,M03T02,Terrestre,175,J,T02_175_J,610.0,15.0,14.0,14.5,14.0,210.0,33.0,30.0,30.0,31.5,0.0,0.0,0.0,0.0,0.0,0.0,0.0,0.0,5.0,5.0,5.0,5.0,88.0,89.0,85.0,90.0,2.5,3.0,2.8,2.6,0.0,0.0,0.0,0.0,11.0,21.54421875,100.0,1.0,,,FOD,,,,5.0,88.0,10.9
3,M03T02,Terrestre,225,J,T02_225_J,610.0,15.0,14.0,14.5,14.0,210.0,33.0,30.0,30.0,31.5,0.0,0.0,0.0,0.0,0.0,0.0,0.0,0.0,5.0,5.0,5.0,5.0,88.0,89.0,85.0,90.0,2.5,3.0,2.8,2.6,0.0,0.0,0.0,0.0,11.0,21.54421875,100.0,1.0,,,FOD,,,,5.0,88.0,10.9
3,M03T02,Terrestre,25,M,T02_25_M,610.0,15.0,14.0,14.5,14.0,210.0,33.0,30.0,30.0,31.5,0.0,0.0,0.0,0.0,0.0,0.0,0.0,0.0,5.0,5.0,5.0,5.0,88.0,89.0,85.0,90.0,2.5,3.0,2.8,2.6,0.0,0.0,0.0,0.0,11.0,21.54421875,100.0,1.0,,,FOD,,,,5.0,88.0,10.9
3,M03T02,Terrestre,75,M,T02_75_M,610.0,15.0,14.0,14.5,14.0,210.0,33.0,30.0,30.0,31.5,0.0,0.0,0.0,0.0,0.0,0.0,0.0,0.0,5.0,5.0,5.0,5.0,88.0,89.0,85.0,90.0,2.5,3.0,2.8,2.6,0.0,0.0,0.0,0.0,11.0,21.54421875,100.0,1.0,,,FOD,,,,5.0,88.0,10.9
3,M03T02,Terrestre,125,M,T02_125_M,610.0,15.0,14.0,14.5,14.0,210.0,33.0,30.0,30.0,31.5,0.0,0.0,0.0,0.0,0.0,0.0,0.0,0.0,5.0,5.0,5.0,5.0,88.0,89.0,85.0,90.0,2.5,3.0,2.8,2.6,0.0,0.0,0.0,0.0,11.0,21.54421875,100.0,1.0,,,FOD,,,,5.0,88.0,10.9
3,M03T02,Terrestre,175,M,T02_175_M,610.0,15.0,14.0,14.5,14.0,210.0,33.0,30.0,30.0,31.5,0.0,0.0,0.0,0.0,0.0,0.0,0.0,0.0,5.0,5.0,5.0,5.0,88.0,89.0,85.0,90.0,2.5,3.0,2.8,2.6,0.0,0.0,0.0,0.0,11.0,21.54421875,100.0,1.0,,,FOD,,,,5.0,88.0,10.9
3,M03T02,Terrestre,225,M,T02_225_M,610.0,15.0,14.0,14.5,14.0,210.0,33.0,30.0,30.0,31.5,0.0,0.0,0.0,0.0,0.0,0.0,0.0,0.0,5.0,5.0,5.0,5.0,88.0,89.0,85.0,90.0,2.5,3.0,2.8,2.6,0.0,0.0,0.0,0.0,11.0,21.54421875,100.0,1.0,,,FOD,,,,5.0,88.0,10.9
3,M03T03,Terrestre,25,J,T03_25_J,600.0,10.0,0.0,1.0,2.0,239.0,51.0,51.0,51.0,51.0,0.0,15.0,0.0,5.0,5.0,1.0,0.0,0.0,2.0,4.0,1.0,0.0,93.0,80.0,99.0,95.0,5.1,8.0,8.5,9.0,0.0,0.0,0.0,0.0,16.0,21.15979167,100.0,1.0,,,FOD,,,,1.75,91.75,30.6
3,M03T03,Terrestre,75,J,T03_75_J,600.0,4.0,0.0,6.0,1.0,175.0,51.0,51.0,51.0,51.0,0.0,0.0,0.0,0.0,1.0,0.0,0.0,0.0,1.0,5.0,2.0,8.0,98.0,95.0,98.0,92.0,5.5,3.2,7.0,6.0,0.0,0.0,0.0,0.0,16.0,26.81989583,100.0,1.0,,,FOD,,,,4.0,95.75,21.7
3,M03T03,Terrestre,125,J,T03_125_J,600.0,11.0,28.0,2.0,4.0,205.0,51.0,51.0,51.0,51.0,0.0,0.0,10.0,0.0,10.0,40.0,15.0,0.0,2.0,10.0,20.0,0.0,88.0,50.0,55.0,100.0,1.0,1.0,3.0,2.0,0.0,0.0,0.0,0.0,14.0,13.49458333,100.0,1.0,,,FOD,,,,8.0,73.25,7.0
3,M03T03,Terrestre,175,J,T03_175_J,600.0,6.0,2.0,11.0,2.0,185.0,51.0,51.0,51.0,51.0,0.0,0.0,0.0,0.0,5.0,5.0,5.0,0.0,1.0,0.0,0.0,2.0,94.0,95.0,95.0,98.0,7.5,1.0,5.0,7.0,0.0,0.0,0.0,0.0,16.0,9.728541667,100.0,1.0,,,FOD,,,,0.75,95.5,20.5
3,M03T03,Terrestre,225,J,T03_225_J,600.0,17.0,10.0,20.0,4.0,230.0,20.0,51.0,51.0,25.0,10.0,50.0,0.0,0.0,0.0,0.0,0.0,0.0,0.0,0.0,0.0,0.0,90.0,50.0,100.0,100.0,7.0,5.0,4.2,4.4,0.0,0.0,0.0,0.0,14.0,16.1709375,100.0,1.0,,,FOD,,,,0.0,85.0,20.6
3,M03T03,Terrestre,25,M,T03_25_M,600.0,2.0,6.0,6.0,1.0,89.0,51.0,51.0,51.0,51.0,0.0,0.0,0.0,0.0,1.0,1.0,0.0,0.0,1.0,3.0,10.0,5.0,98.0,96.0,90.0,95.0,3.5,2.3,5.1,6.0,0.0,0.0,0.0,0.0,18.0,25.71416667,100.0,1.0,,,FOD,,,,4.75,94.75,16.9
3,M03T03,Terrestre,75,M,T03_75_M,600.0,15.0,8.0,12.0,15.0,96.0,51.0,51.0,51.0,51.0,0.0,0.0,0.0,0.0,0.0,0.0,1.0,0.0,4.0,5.0,4.0,2.0,96.0,95.0,95.0,98.0,6.0,5.5,6.0,8.0,0.0,0.0,0.0,0.0,20.0,19.8471875,100.0,1.0,,,FOD,,,,3.75,96.0,25.5
3,M03T03,Terrestre,125,M,T03_125_M,600.0,2.0,4.0,2.0,6.0,140.0,51.0,51.0,51.0,51.0,0.0,0.0,0.0,0.0,0.0,0.0,1.0,0.0,0.0,0.0,5.0,0.0,100.0,100.0,94.0,100.0,7.0,9.0,5.0,6.0,0.0,0.0,0.0,0.0,16.0,18.1115625,100.0,1.0,,,FOD,,,,1.25,98.5,27.0
3,M03T03,Terrestre,175,M,T03_175_M,600.0,6.0,7.0,1.0,1.0,245.0,51.0,51.0,51.0,51.0,0.0,0.0,0.0,0.0,1.0,0.0,0.0,0.0,5.0,1.0,5.0,0.0,94.0,99.0,95.0,100.0,3.0,3.0,10.0,3.0,0.0,0.0,0.0,0.0,16.0,23.3303125,100.0,1.0,,,FOD,,,,2.75,97.0,19.0
3,M03T03,Terrestre,225,M,T03_225_M,600.0,1.0,0.0,2.0,2.0,270.0,51.0,51.0,51.0,51.0,0.0,0.0,0.0,0.0,0.0,0.0,0.0,0.0,5.0,5.0,5.0,1.0,95.0,95.0,95.0,99.0,1.0,1.0,4.0,3.0,0.0,0.0,0.0,0.0,15.0,39.15114583,100.0,1.0,,,FOD,,,,4.0,96.0,9.0
3,M03T04,Terrestre,25,J,T04_25_J,529.0,15.0,14.0,14.5,14.0,210.0,33.0,30.0,30.0,31.5,0.0,0.0,0.0,0.0,0.0,0.0,0.0,0.0,5.0,5.0,5.0,5.0,88.0,89.0,85.0,90.0,2.5,3.0,2.8,2.6,0.0,0.0,0.0,0.0,11.0,21.54421875,100.0,1.0,,,FOD,,,,5.0,88.0,10.9
3,M03T04,Terrestre,75,J,T04_75_J,529.0,15.0,14.0,14.5,14.0,210.0,33.0,30.0,30.0,31.5,0.0,0.0,0.0,0.0,0.0,0.0,0.0,0.0,5.0,5.0,5.0,5.0,88.0,89.0,85.0,90.0,2.5,3.0,2.8,2.6,0.0,0.0,0.0,0.0,11.0,21.54421875,100.0,1.0,,,FOD,,,,5.0,88.0,10.9
3,M03T04,Terrestre,125,J,T04_125_J,529.0,15.0,14.0,14.5,14.0,210.0,33.0,30.0,30.0,31.5,0.0,0.0,0.0,0.0,0.0,0.0,0.0,0.0,5.0,5.0,5.0,5.0,88.0,89.0,85.0,90.0,2.5,3.0,2.8,2.6,0.0,0.0,0.0,0.0,11.0,21.54421875,100.0,1.0,,,FOD,,,,5.0,88.0,10.9
3,M03T04,Terrestre,175,J,T04_175_J,529.0,15.0,14.0,14.5,14.0,210.0,33.0,30.0,30.0,31.5,0.0,0.0,0.0,0.0,0.0,0.0,0.0,0.0,5.0,5.0,5.0,5.0,88.0,89.0,85.0,90.0,2.5,3.0,2.8,2.6,0.0,0.0,0.0,0.0,11.0,21.54421875,100.0,1.0,,,FOD,,,,5.0,88.0,10.9
3,M03T04,Terrestre,225,J,T04_225_J,529.0,15.0,14.0,14.5,14.0,210.0,33.0,30.0,30.0,31.5,0.0,0.0,0.0,0.0,0.0,0.0,0.0,0.0,5.0,5.0,5.0,5.0,88.0,89.0,85.0,90.0,2.5,3.0,2.8,2.6,0.0,0.0,0.0,0.0,11.0,21.54421875,100.0,1.0,,,FOD,,,,5.0,88.0,10.9
3,M03T04,Terrestre,25,M,T04_25_M,529.0,15.0,14.0,14.5,14.0,210.0,33.0,30.0,30.0,31.5,0.0,0.0,0.0,0.0,0.0,0.0,0.0,0.0,5.0,5.0,5.0,5.0,88.0,89.0,85.0,90.0,2.5,3.0,2.8,2.6,0.0,0.0,0.0,0.0,11.0,21.54421875,100.0,1.0,,,FOD,,,,5.0,88.0,10.9
3,M03T04,Terrestre,75,M,T04_75_M,529.0,15.0,14.0,14.5,14.0,210.0,33.0,30.0,30.0,31.5,0.0,0.0,0.0,0.0,0.0,0.0,0.0,0.0,5.0,5.0,5.0,5.0,88.0,89.0,85.0,90.0,2.5,3.0,2.8,2.6,0.0,0.0,0.0,0.0,11.0,21.54421875,100.0,1.0,,,FOD,,,,5.0,88.0,10.9
3,M03T04,Terrestre,125,M,T04_125_M,529.0,15.0,14.0,14.5,14.0,210.0,33.0,30.0,30.0,31.5,0.0,0.0,0.0,0.0,0.0,0.0,0.0,0.0,5.0,5.0,5.0,5.0,88.0,89.0,85.0,90.0,2.5,3.0,2.8,2.6,0.0,0.0,0.0,0.0,11.0,21.54421875,100.0,1.0,,,FOD,,,,5.0,88.0,10.9
3,M03T04,Terrestre,175,M,T04_175_M,529.0,15.0,14.0,14.5,14.0,210.0,33.0,30.0,30.0,31.5,0.0,0.0,0.0,0.0,0.0,0.0,0.0,0.0,5.0,5.0,5.0,5.0,88.0,89.0,85.0,90.0,2.5,3.0,2.8,2.6,0.0,0.0,0.0,0.0,11.0,21.54421875,100.0,1.0,,,FOD,,,,5.0,88.0,10.9
3,M03T04,Terrestre,225,M,T04_225_M,529.0,15.0,14.0,14.5,14.0,210.0,33.0,30.0,30.0,31.5,0.0,0.0,0.0,0.0,0.0,0.0,0.0,0.0,5.0,5.0,5.0,5.0,88.0,89.0,85.0,90.0,2.5,3.0,2.8,2.6,0.0,0.0,0.0,0.0,11.0,21.54421875,100.0,1.0,,,FOD,,,,5.0,88.0,10.9
3,M03T05,Terrestre,25,J,T05_25_J,508.0,12.0,19.0,2.0,12.0,95.0,27.0,41.0,26.0,51.0,0.0,0.0,0.0,0.0,0.0,0.0,0.0,0.0,100.0,100.0,100.0,100.0,0.0,0.0,0.0,0.0,10.0,10.5,5.0,5.5,0.0,0.0,0.0,0.0,8.5,14.87770833,100.0,1.0,,,FOD,,,,100.0,0.0,31.0
3,M03T05,Terrestre,75,J,T05_75_J,508.0,7.0,14.0,10.1,9.8,69.0,51.0,51.0,51.0,51.0,0.0,0.0,0.0,0.0,0.0,0.0,0.0,0.0,15.0,60.0,40.0,30.0,85.0,40.0,60.0,70.0,2.5,3.0,2.8,2.6,0.0,0.0,0.0,0.0,9.0,37.2234375,100.0,1.0,,,FOD,,,,36.25,63.75,10.9
3,M03T05,Terrestre,125,J,T05_125_J,508.0,21.0,28.0,18.0,17.0,115.0,51.0,51.0,51.0,51.0,0.0,0.0,0.0,0.0,2.0,1.0,1.0,0.0,20.0,15.0,15.0,40.0,78.0,84.0,84.0,60.0,4.0,10.0,3.0,5.5,0.0,0.0,0.0,0.0,7.5,14.10770833,100.0,1.0,,,FOD,,,,22.5,76.5,22.5
3,M03T05,Terrestre,175,J,T05_175_J,508.0,24.0,7.0,17.0,15.0,165.0,51.0,51.0,25.0,35.0,0.0,0.0,0.0,0.0,1.0,2.0,1.0,0.0,2.0,2.0,5.0,2.0,97.0,96.0,94.0,98.0,2.0,3.5,4.5,6.4,0.0,0.0,0.0,0.0,10.0,4.933333333,100.0,1.0,,,FOD,,,,2.75,96.25,16.4
3,M03T05,Terrestre,225,J,T05_225_J,508.0,30.0,17.0,22.0,28.0,219.0,51.0,51.0,51.0,51.0,0.0,0.0,0.0,0.0,85.0,20.0,50.0,50.0,3.0,2.0,8.0,2.0,12.0,78.0,42.0,48.0,1.0,3.0,4.0,3.0,0.0,0.0,0.0,0.0,15.0,3.7496875,100.0,1.0,,,FOD,,,,3.75,45.0,11.0
3,M03T05,Terrestre,25,M,T05_25_M,508.0,23.0,29.0,17.0,19.0,40.0,51.0,51.0,51.0,51.0,0.0,0.0,0.0,0.0,0.0,0.0,0.0,0.0,5.0,15.0,25.0,10.0,95.0,85.0,75.0,90.0,5.5,6.0,4.5,4.5,0.0,0.0,0.0,0.0,8.0,16.5259375,100.0,1.0,,,FOD,,,,13.75,86.25,20.5
3,M03T05,Terrestre,75,M,T05_75_M,508.0,31.0,13.0,13.0,26.0,65.0,20.0,10.0,51.0,51.0,0.0,0.0,0.0,0.0,0.0,0.0,0.0,0.0,35.0,20.0,38.0,19.0,65.0,80.0,62.0,81.0,7.0,4.0,3.0,7.1,0.0,0.0,0.0,0.0,5.5,65.97864583,100.0,1.0,,,FOD,,,,28.0,72.0,21.1
3,M03T05,Terrestre,125,M,T05_125_M,508.0,29.0,24.0,19.0,10.0,110.0,51.0,51.0,51.0,51.0,0.0,0.0,0.0,0.0,0.0,0.0,0.0,15.0,85.0,90.0,60.0,35.0,15.0,10.0,40.0,50.0,1.0,1.0,4.0,4.0,0.0,0.0,0.0,0.0,8.0,34.65979167,100.0,1.0,,,FOD,,,,67.5,28.75,10.0
3,M03T05,Terrestre,175,M,T05_175_M,508.0,21.0,25.0,23.0,24.0,175.0,51.0,51.0,51.0,51.0,0.0,0.0,0.0,0.0,5.0,0.0,2.0,0.0,35.0,95.0,30.0,25.0,60.0,5.0,68.0,75.0,5.5,6.0,4.3,5.0,0.0,0.0,0.0,0.0,7.5,21.48197917,100.0,1.0,,,FOD,,,,46.25,52.0,20.8
3,M03T05,Terrestre,225,M,T05_225_M,508.0,38.0,35.0,24.0,17.0,210.0,51.0,51.0,51.0,51.0,0.0,0.0,0.0,0.0,0.0,0.0,0.0,0.0,10.0,20.0,8.0,5.0,90.0,80.0,92.0,95.0,5.0,6.0,7.0,9.0,0.0,0.0,0.0,0.0,9.5,15.03229167,100.0,1.0,,,FOD,,,,10.75,89.25,27.0
3,M03T06,Terrestre,25,J,T06_25_J,643.0,15.0,14.0,14.5,14.0,210.0,33.0,30.0,30.0,31.5,0.0,0.0,0.0,0.0,0.0,0.0,0.0,0.0,5.0,5.0,5.0,5.0,88.0,89.0,85.0,90.0,2.5,3.0,2.8,2.6,0.0,0.0,0.0,0.0,11.0,21.54421875,100.0,1.0,,,FOD,,,,5.0,88.0,10.9
3,M03T06,Terrestre,75,J,T06_75_J,643.0,15.0,14.0,14.5,14.0,210.0,33.0,30.0,30.0,31.5,0.0,0.0,0.0,0.0,0.0,0.0,0.0,0.0,5.0,5.0,5.0,5.0,88.0,89.0,85.0,90.0,2.5,3.0,2.8,2.6,0.0,0.0,0.0,0.0,11.0,21.54421875,100.0,1.0,,,FOD,,,,5.0,88.0,10.9
3,M03T06,Terrestre,125,J,T06_125_J,643.0,15.0,14.0,14.5,14.0,210.0,33.0,30.0,30.0,31.5,0.0,0.0,0.0,0.0,0.0,0.0,0.0,0.0,5.0,5.0,5.0,5.0,88.0,89.0,85.0,90.0,2.5,3.0,2.8,2.6,0.0,0.0,0.0,0.0,11.0,21.54421875,100.0,1.0,,,FOD,,,,5.0,88.0,10.9
3,M03T06,Terrestre,175,J,T06_175_J,643.0,15.0,14.0,14.5,14.0,210.0,33.0,30.0,30.0,31.5,0.0,0.0,0.0,0.0,0.0,0.0,0.0,0.0,5.0,5.0,5.0,5.0,88.0,89.0,85.0,90.0,2.5,3.0,2.8,2.6,0.0,0.0,0.0,0.0,11.0,21.54421875,100.0,1.0,,,FOD,,,,5.0,88.0,10.9
3,M03T06,Terrestre,225,J,T06_225_J,643.0,15.0,14.0,14.5,14.0,210.0,33.0,30.0,30.0,31.5,0.0,0.0,0.0,0.0,0.0,0.0,0.0,0.0,5.0,5.0,5.0,5.0,88.0,89.0,85.0,90.0,2.5,3.0,2.8,2.6,0.0,0.0,0.0,0.0,11.0,21.54421875,100.0,1.0,,,FOD,,,,5.0,88.0,10.9
3,M03T06,Terrestre,25,M,T06_25_M,643.0,15.0,14.0,14.5,14.0,210.0,33.0,30.0,30.0,31.5,0.0,0.0,0.0,0.0,0.0,0.0,0.0,0.0,5.0,5.0,5.0,5.0,88.0,89.0,85.0,90.0,2.5,3.0,2.8,2.6,0.0,0.0,0.0,0.0,11.0,21.54421875,100.0,1.0,,,FOD,,,,5.0,88.0,10.9
3,M03T06,Terrestre,75,M,T06_75_M,643.0,15.0,14.0,14.5,14.0,210.0,33.0,30.0,30.0,31.5,0.0,0.0,0.0,0.0,0.0,0.0,0.0,0.0,5.0,5.0,5.0,5.0,88.0,89.0,85.0,90.0,2.5,3.0,2.8,2.6,0.0,0.0,0.0,0.0,11.0,21.54421875,100.0,1.0,,,FOD,,,,5.0,88.0,10.9
3,M03T06,Terrestre,125,M,T06_125_M,643.0,15.0,14.0,14.5,14.0,210.0,33.0,30.0,30.0,31.5,0.0,0.0,0.0,0.0,0.0,0.0,0.0,0.0,5.0,5.0,5.0,5.0,88.0,89.0,85.0,90.0,2.5,3.0,2.8,2.6,0.0,0.0,0.0,0.0,11.0,21.54421875,100.0,1.0,,,FOD,,,,5.0,88.0,10.9
3,M03T06,Terrestre,175,M,T06_175_M,643.0,15.0,14.0,14.5,14.0,210.0,33.0,30.0,30.0,31.5,0.0,0.0,0.0,0.0,0.0,0.0,0.0,0.0,5.0,5.0,5.0,5.0,88.0,89.0,85.0,90.0,2.5,3.0,2.8,2.6,0.0,0.0,0.0,0.0,11.0,21.54421875,100.0,1.0,,,FOD,,,,5.0,88.0,10.9
3,M03T06,Terrestre,225,M,T06_225_M,643.0,15.0,14.0,14.5,14.0,210.0,33.0,30.0,30.0,31.5,0.0,0.0,0.0,0.0,0.0,0.0,0.0,0.0,5.0,5.0,5.0,5.0,88.0,89.0,85.0,90.0,2.5,3.0,2.8,2.6,0.0,0.0,0.0,0.0,11.0,21.54421875,100.0,1.0,,,FOD,,,,5.0,88.0,10.9
3,M03T07,Terrestre,25,J,T07_25_J,752.0,15.0,14.0,14.5,14.0,210.0,33.0,30.0,30.0,31.5,0.0,0.0,0.0,0.0,0.0,0.0,0.0,0.0,5.0,5.0,5.0,5.0,88.0,89.0,85.0,90.0,2.5,3.0,2.8,2.6,0.0,0.0,0.0,0.0,11.0,21.54421875,100.0,1.0,,,FOD,,,,5.0,88.0,10.9
3,M03T07,Terrestre,75,J,T07_75_J,752.0,15.0,14.0,14.5,14.0,210.0,33.0,30.0,30.0,31.5,0.0,0.0,0.0,0.0,0.0,0.0,0.0,0.0,5.0,5.0,5.0,5.0,88.0,89.0,85.0,90.0,2.5,3.0,2.8,2.6,0.0,0.0,0.0,0.0,11.0,21.54421875,100.0,1.0,,,FOD,,,,5.0,88.0,10.9
3,M03T07,Terrestre,125,J,T07_125_J,752.0,15.0,14.0,14.5,14.0,210.0,33.0,30.0,30.0,31.5,0.0,0.0,0.0,0.0,0.0,0.0,0.0,0.0,5.0,5.0,5.0,5.0,88.0,89.0,85.0,90.0,2.5,3.0,2.8,2.6,0.0,0.0,0.0,0.0,11.0,21.54421875,100.0,1.0,,,FOD,,,,5.0,88.0,10.9
3,M03T07,Terrestre,175,J,T07_175_J,752.0,15.0,14.0,14.5,14.0,210.0,33.0,30.0,30.0,31.5,0.0,0.0,0.0,0.0,0.0,0.0,0.0,0.0,5.0,5.0,5.0,5.0,88.0,89.0,85.0,90.0,2.5,3.0,2.8,2.6,0.0,0.0,0.0,0.0,11.0,21.54421875,100.0,1.0,,,FOD,,,,5.0,88.0,10.9
3,M03T07,Terrestre,225,J,T07_225_J,752.0,15.0,14.0,14.5,14.0,210.0,33.0,30.0,30.0,31.5,0.0,0.0,0.0,0.0,0.0,0.0,0.0,0.0,5.0,5.0,5.0,5.0,88.0,89.0,85.0,90.0,2.5,3.0,2.8,2.6,0.0,0.0,0.0,0.0,11.0,21.54421875,100.0,1.0,,,FOD,,,,5.0,88.0,10.9
3,M03T07,Terrestre,25,M,T07_25_M,752.0,15.0,14.0,14.5,14.0,210.0,33.0,30.0,30.0,31.5,0.0,0.0,0.0,0.0,0.0,0.0,0.0,0.0,5.0,5.0,5.0,5.0,88.0,89.0,85.0,90.0,2.5,3.0,2.8,2.6,0.0,0.0,0.0,0.0,11.0,21.54421875,100.0,1.0,,,FOD,,,,5.0,88.0,10.9
3,M03T07,Terrestre,75,M,T07_75_M,752.0,15.0,14.0,14.5,14.0,210.0,33.0,30.0,30.0,31.5,0.0,0.0,0.0,0.0,0.0,0.0,0.0,0.0,5.0,5.0,5.0,5.0,88.0,89.0,85.0,90.0,2.5,3.0,2.8,2.6,0.0,0.0,0.0,0.0,11.0,21.54421875,100.0,1.0,,,FOD,,,,5.0,88.0,10.9
3,M03T07,Terrestre,125,M,T07_125_M,752.0,15.0,14.0,14.5,14.0,210.0,33.0,30.0,30.0,31.5,0.0,0.0,0.0,0.0,0.0,0.0,0.0,0.0,5.0,5.0,5.0,5.0,88.0,89.0,85.0,90.0,2.5,3.0,2.8,2.6,0.0,0.0,0.0,0.0,11.0,21.54421875,100.0,1.0,,,FOD,,,,5.0,88.0,10.9
3,M03T07,Terrestre,175,M,T07_175_M,752.0,15.0,14.0,14.5,14.0,210.0,33.0,30.0,30.0,31.5,0.0,0.0,0.0,0.0,0.0,0.0,0.0,0.0,5.0,5.0,5.0,5.0,88.0,89.0,85.0,90.0,2.5,3.0,2.8,2.6,0.0,0.0,0.0,0.0,11.0,21.54421875,100.0,1.0,,,FOD,,,,5.0,88.0,10.9
3,M03T07,Terrestre,225,M,T07_225_M,752.0,15.0,14.0,14.5,14.0,210.0,33.0,30.0,30.0,31.5,0.0,0.0,0.0,0.0,0.0,0.0,0.0,0.0,5.0,5.0,5.0,5.0,88.0,89.0,85.0,90.0,2.5,3.0,2.8,2.6,0.0,0.0,0.0,0.0,11.0,21.54421875,100.0,1.0,,,FOD,,,,5.0,88.0,10.9
3,M03T08,Terrestre,25,J,T08_25_J,535.0,15.0,14.0,14.5,14.0,210.0,33.0,30.0,30.0,31.5,0.0,0.0,0.0,0.0,0.0,0.0,0.0,0.0,5.0,5.0,5.0,5.0,88.0,89.0,85.0,90.0,2.5,3.0,2.8,2.6,0.0,0.0,0.0,0.0,11.0,21.54421875,100.0,1.0,,,FOD,,,,5.0,88.0,10.9
3,M03T08,Terrestre,75,J,T08_75_J,535.0,15.0,14.0,14.5,14.0,210.0,33.0,30.0,30.0,31.5,0.0,0.0,0.0,0.0,0.0,0.0,0.0,0.0,5.0,5.0,5.0,5.0,88.0,89.0,85.0,90.0,2.5,3.0,2.8,2.6,0.0,0.0,0.0,0.0,11.0,21.54421875,100.0,1.0,,,FOD,,,,5.0,88.0,10.9
3,M03T08,Terrestre,125,J,T08_125_J,535.0,15.0,14.0,14.5,14.0,210.0,33.0,30.0,30.0,31.5,0.0,0.0,0.0,0.0,0.0,0.0,0.0,0.0,5.0,5.0,5.0,5.0,88.0,89.0,85.0,90.0,2.5,3.0,2.8,2.6,0.0,0.0,0.0,0.0,11.0,21.54421875,100.0,1.0,,,FOD,,,,5.0,88.0,10.9
3,M03T08,Terrestre,175,J,T08_175_J,535.0,15.0,14.0,14.5,14.0,210.0,33.0,30.0,30.0,31.5,0.0,0.0,0.0,0.0,0.0,0.0,0.0,0.0,5.0,5.0,5.0,5.0,88.0,89.0,85.0,90.0,2.5,3.0,2.8,2.6,0.0,0.0,0.0,0.0,11.0,21.54421875,100.0,1.0,,,FOD,,,,5.0,88.0,10.9
3,M03T08,Terrestre,225,J,T08_225_J,535.0,15.0,14.0,14.5,14.0,210.0,33.0,30.0,30.0,31.5,0.0,0.0,0.0,0.0,0.0,0.0,0.0,0.0,5.0,5.0,5.0,5.0,88.0,89.0,85.0,90.0,2.5,3.0,2.8,2.6,0.0,0.0,0.0,0.0,11.0,21.54421875,100.0,1.0,,,FOD,,,,5.0,88.0,10.9
3,M03T08,Terrestre,25,M,T08_25_M,535.0,15.0,14.0,14.5,14.0,210.0,33.0,30.0,30.0,31.5,0.0,0.0,0.0,0.0,0.0,0.0,0.0,0.0,5.0,5.0,5.0,5.0,88.0,89.0,85.0,90.0,2.5,3.0,2.8,2.6,0.0,0.0,0.0,0.0,11.0,21.54421875,100.0,1.0,,,FOD,,,,5.0,88.0,10.9
3,M03T08,Terrestre,75,M,T08_75_M,535.0,15.0,14.0,14.5,14.0,210.0,33.0,30.0,30.0,31.5,0.0,0.0,0.0,0.0,0.0,0.0,0.0,0.0,5.0,5.0,5.0,5.0,88.0,89.0,85.0,90.0,2.5,3.0,2.8,2.6,0.0,0.0,0.0,0.0,11.0,21.54421875,100.0,1.0,,,FOD,,,,5.0,88.0,10.9
3,M03T08,Terrestre,125,M,T08_125_M,535.0,15.0,14.0,14.5,14.0,210.0,33.0,30.0,30.0,31.5,0.0,0.0,0.0,0.0,0.0,0.0,0.0,0.0,5.0,5.0,5.0,5.0,88.0,89.0,85.0,90.0,2.5,3.0,2.8,2.6,0.0,0.0,0.0,0.0,11.0,21.54421875,100.0,1.0,,,FOD,,,,5.0,88.0,10.9
3,M03T08,Terrestre,175,M,T08_175_M,535.0,15.0,14.0,14.5,14.0,210.0,33.0,30.0,30.0,31.5,0.0,0.0,0.0,0.0,0.0,0.0,0.0,0.0,5.0,5.0,5.0,5.0,88.0,89.0,85.0,90.0,2.5,3.0,2.8,2.6,0.0,0.0,0.0,0.0,11.0,21.54421875,100.0,1.0,,,FOD,,,,5.0,88.0,10.9
3,M03T08,Terrestre,225,M,T08_225_M,535.0,15.0,14.0,14.5,14.0,210.0,33.0,30.0,30.0,31.5,0.0,0.0,0.0,0.0,0.0,0.0,0.0,0.0,5.0,5.0,5.0,5.0,88.0,89.0,85.0,90.0,2.5,3.0,2.8,2.6,0.0,0.0,0.0,0.0,11.0,21.54421875,100.0,1.0,,,FOD,,,,5.0,88.0,10.9
3,M03T09,Terrestre,25,J,T09_25_J,666.0,15.0,14.0,14.5,14.0,210.0,33.0,30.0,30.0,31.5,0.0,0.0,0.0,0.0,0.0,0.0,0.0,0.0,5.0,5.0,5.0,5.0,88.0,89.0,85.0,90.0,2.5,3.0,2.8,2.6,0.0,0.0,0.0,0.0,11.0,21.54421875,100.0,1.0,,,FOD,,,,5.0,88.0,10.9
3,M03T09,Terrestre,75,J,T09_75_J,666.0,15.0,14.0,14.5,14.0,210.0,33.0,30.0,30.0,31.5,0.0,0.0,0.0,0.0,0.0,0.0,0.0,0.0,5.0,5.0,5.0,5.0,88.0,89.0,85.0,90.0,2.5,3.0,2.8,2.6,0.0,0.0,0.0,0.0,11.0,21.54421875,100.0,1.0,,,FOD,,,,5.0,88.0,10.9
3,M03T09,Terrestre,125,J,T09_125_J,666.0,15.0,14.0,14.5,14.0,210.0,33.0,30.0,30.0,31.5,0.0,0.0,0.0,0.0,0.0,0.0,0.0,0.0,5.0,5.0,5.0,5.0,88.0,89.0,85.0,90.0,2.5,3.0,2.8,2.6,0.0,0.0,0.0,0.0,11.0,21.54421875,100.0,1.0,,,FOD,,,,5.0,88.0,10.9
3,M03T09,Terrestre,175,J,T09_175_J,666.0,15.0,14.0,14.5,14.0,210.0,33.0,30.0,30.0,31.5,0.0,0.0,0.0,0.0,0.0,0.0,0.0,0.0,5.0,5.0,5.0,5.0,88.0,89.0,85.0,90.0,2.5,3.0,2.8,2.6,0.0,0.0,0.0,0.0,11.0,21.54421875,100.0,1.0,,,FOD,,,,5.0,88.0,10.9
3,M03T09,Terrestre,225,J,T09_225_J,666.0,15.0,14.0,14.5,14.0,210.0,33.0,30.0,30.0,31.5,0.0,0.0,0.0,0.0,0.0,0.0,0.0,0.0,5.0,5.0,5.0,5.0,88.0,89.0,85.0,90.0,2.5,3.0,2.8,2.6,0.0,0.0,0.0,0.0,11.0,21.54421875,100.0,1.0,,,FOD,,,,5.0,88.0,10.9
3,M03T09,Terrestre,25,M,T09_25_M,666.0,15.0,14.0,14.5,14.0,210.0,33.0,30.0,30.0,31.5,0.0,0.0,0.0,0.0,0.0,0.0,0.0,0.0,5.0,5.0,5.0,5.0,88.0,89.0,85.0,90.0,2.5,3.0,2.8,2.6,0.0,0.0,0.0,0.0,11.0,21.54421875,100.0,1.0,,,FOD,,,,5.0,88.0,10.9
3,M03T09,Terrestre,75,M,T09_75_M,666.0,15.0,14.0,14.5,14.0,210.0,33.0,30.0,30.0,31.5,0.0,0.0,0.0,0.0,0.0,0.0,0.0,0.0,5.0,5.0,5.0,5.0,88.0,89.0,85.0,90.0,2.5,3.0,2.8,2.6,0.0,0.0,0.0,0.0,11.0,21.54421875,100.0,1.0,,,FOD,,,,5.0,88.0,10.9
3,M03T09,Terrestre,125,M,T09_125_M,666.0,15.0,14.0,14.5,14.0,210.0,33.0,30.0,30.0,31.5,0.0,0.0,0.0,0.0,0.0,0.0,0.0,0.0,5.0,5.0,5.0,5.0,88.0,89.0,85.0,90.0,2.5,3.0,2.8,2.6,0.0,0.0,0.0,0.0,11.0,21.54421875,100.0,1.0,,,FOD,,,,5.0,88.0,10.9
3,M03T09,Terrestre,175,M,T09_175_M,666.0,15.0,14.0,14.5,14.0,210.0,33.0,30.0,30.0,31.5,0.0,0.0,0.0,0.0,0.0,0.0,0.0,0.0,5.0,5.0,5.0,5.0,88.0,89.0,85.0,90.0,2.5,3.0,2.8,2.6,0.0,0.0,0.0,0.0,11.0,21.54421875,100.0,1.0,,,FOD,,,,5.0,88.0,10.9
3,M03T09,Terrestre,225,M,T09_225_M,666.0,15.0,14.0,14.5,14.0,210.0,33.0,30.0,30.0,31.5,0.0,0.0,0.0,0.0,0.0,0.0,0.0,0.0,5.0,5.0,5.0,5.0,88.0,89.0,85.0,90.0,2.5,3.0,2.8,2.6,0.0,0.0,0.0,0.0,11.0,21.54421875,100.0,1.0,,,FOD,,,,5.0,88.0,10.9
3,M03T10,Terrestre,25,J,T10_25_J,675.0,15.0,14.0,14.5,14.0,210.0,33.0,30.0,30.0,31.5,0.0,0.0,0.0,0.0,0.0,0.0,0.0,0.0,5.0,5.0,5.0,5.0,88.0,89.0,85.0,90.0,2.5,3.0,2.8,2.6,0.0,0.0,0.0,0.0,11.0,21.54421875,100.0,1.0,,,FOD,,,,5.0,88.0,10.9
3,M03T10,Terrestre,75,J,T10_75_J,675.0,15.0,14.0,14.5,14.0,210.0,33.0,30.0,30.0,31.5,0.0,0.0,0.0,0.0,0.0,0.0,0.0,0.0,5.0,5.0,5.0,5.0,88.0,89.0,85.0,90.0,2.5,3.0,2.8,2.6,0.0,0.0,0.0,0.0,11.0,21.54421875,100.0,1.0,,,FOD,,,,5.0,88.0,10.9
3,M03T10,Terrestre,125,J,T10_125_J,675.0,15.0,14.0,14.5,14.0,210.0,33.0,30.0,30.0,31.5,0.0,0.0,0.0,0.0,0.0,0.0,0.0,0.0,5.0,5.0,5.0,5.0,88.0,89.0,85.0,90.0,2.5,3.0,2.8,2.6,0.0,0.0,0.0,0.0,11.0,21.54421875,100.0,1.0,,,FOD,,,,5.0,88.0,10.9
3,M03T10,Terrestre,175,J,T10_175_J,675.0,15.0,14.0,14.5,14.0,210.0,33.0,30.0,30.0,31.5,0.0,0.0,0.0,0.0,0.0,0.0,0.0,0.0,5.0,5.0,5.0,5.0,88.0,89.0,85.0,90.0,2.5,3.0,2.8,2.6,0.0,0.0,0.0,0.0,11.0,21.54421875,100.0,1.0,,,FOD,,,,5.0,88.0,10.9
3,M03T10,Terrestre,225,J,T10_225_J,675.0,15.0,14.0,14.5,14.0,210.0,33.0,30.0,30.0,31.5,0.0,0.0,0.0,0.0,0.0,0.0,0.0,0.0,5.0,5.0,5.0,5.0,88.0,89.0,85.0,90.0,2.5,3.0,2.8,2.6,0.0,0.0,0.0,0.0,11.0,21.54421875,100.0,1.0,,,FOD,,,,5.0,88.0,10.9
3,M03T10,Terrestre,25,M,T10_25_M,675.0,15.0,14.0,14.5,14.0,210.0,33.0,30.0,30.0,31.5,0.0,0.0,0.0,0.0,0.0,0.0,0.0,0.0,5.0,5.0,5.0,5.0,88.0,89.0,85.0,90.0,2.5,3.0,2.8,2.6,0.0,0.0,0.0,0.0,11.0,21.54421875,100.0,1.0,,,FOD,,,,5.0,88.0,10.9
3,M03T10,Terrestre,75,M,T10_75_M,675.0,15.0,14.0,14.5,14.0,210.0,33.0,30.0,30.0,31.5,0.0,0.0,0.0,0.0,0.0,0.0,0.0,0.0,5.0,5.0,5.0,5.0,88.0,89.0,85.0,90.0,2.5,3.0,2.8,2.6,0.0,0.0,0.0,0.0,11.0,21.54421875,100.0,1.0,,,FOD,,,,5.0,88.0,10.9
3,M03T10,Terrestre,125,M,T10_125_M,675.0,15.0,14.0,14.5,14.0,210.0,33.0,30.0,30.0,31.5,0.0,0.0,0.0,0.0,0.0,0.0,0.0,0.0,5.0,5.0,5.0,5.0,88.0,89.0,85.0,90.0,2.5,3.0,2.8,2.6,0.0,0.0,0.0,0.0,11.0,21.54421875,100.0,1.0,,,FOD,,,,5.0,88.0,10.9
3,M03T10,Terrestre,175,M,T10_175_M,675.0,15.0,14.0,14.5,14.0,210.0,33.0,30.0,30.0,31.5,0.0,0.0,0.0,0.0,0.0,0.0,0.0,0.0,5.0,5.0,5.0,5.0,88.0,89.0,85.0,90.0,2.5,3.0,2.8,2.6,0.0,0.0,0.0,0.0,11.0,21.54421875,100.0,1.0,,,FOD,,,,5.0,88.0,10.9
3,M03T10,Terrestre,225,M,T10_225_M,675.0,15.0,14.0,14.5,14.0,210.0,33.0,30.0,30.0,31.5,0.0,0.0,0.0,0.0,0.0,0.0,0.0,0.0,5.0,5.0,5.0,5.0,88.0,89.0,85.0,90.0,2.5,3.0,2.8,2.6,0.0,0.0,0.0,0.0,11.0,21.54421875,100.0,1.0,,,FOD,,,,5.0,88.0,10.9
3,M03R01,Ripária,25,E,R01_25_E,565.0,31.0,34.0,39.0,38.0,240.0,51.0,10.0,15.0,10.0,5.0,0.0,0.0,10.0,25.0,5.0,10.0,5.0,0.0,0.0,0.0,0.0,70.0,95.0,90.0,85.0,3.0,2.0,4.0,3.0,0.0,0.0,0.0,0.0,17.0,8.008229167,100.0,1.0,,,FOD,,,,0.0,85.0,12.0
3,M03R01,Ripária,75,E,R01_75_E,565.0,22.0,23.0,20.0,24.0,297.0,10.0,10.0,5.0,5.0,10.0,10.0,0.0,10.0,15.0,40.0,10.0,10.0,2.0,5.0,0.0,5.0,73.0,45.0,90.0,75.0,0.5,0.5,0.5,0.5,0.0,0.0,0.0,0.0,8.0,12.95645833,100.0,1.0,,,FOD,,,,3.0,70.75,2.0
3,M03R01,Ripária,125,E,R01_125_E,565.0,57.0,43.0,39.0,50.0,290.0,10.0,5.0,30.0,45.0,5.0,5.0,3.0,10.0,70.0,60.0,20.0,50.0,2.0,2.0,0.0,2.0,23.0,33.0,77.0,38.0,1.0,0.5,1.5,1.0,0.0,0.0,0.0,0.0,16.0,13.42083333,100.0,1.0,,,FOD,,,,1.5,42.75,4.0
3,M03R01,Ripária,175,E,R01_175_E,565.0,18.0,18.0,17.0,35.0,206.0,51.0,51.0,51.0,51.0,0.0,0.0,0.0,0.0,10.0,0.0,30.0,5.0,2.0,2.0,0.0,0.0,88.0,98.0,70.0,95.0,4.0,3.0,2.0,2.0,0.0,0.0,0.0,0.0,17.0,16.3140625,100.0,1.0,,,FOD,,,,1.0,87.75,11.0
3,M03R01,Ripária,225,E,R01_225_E,565.0,19.0,20.0,21.0,15.0,260.0,51.0,51.0,51.0,51.0,0.0,0.0,0.0,0.0,25.0,10.0,60.0,5.0,1.0,5.0,0.0,0.0,74.0,85.0,40.0,95.0,1.0,1.0,0.5,2.0,0.0,0.0,0.0,0.0,20.0,20.89541667,100.0,1.0,,,FOD,,,,1.5,73.5,4.5
3,M03R01,Ripária,25,D,R01_25_D,565.0,6.0,6.0,10.0,5.0,93.0,51.0,51.0,51.0,51.0,0.0,0.0,0.0,0.0,5.0,0.0,3.0,0.0,1.0,0.0,0.0,0.0,94.0,100.0,97.0,100.0,5.0,5.3,6.2,3.6,0.0,0.0,0.0,0.0,20.0,21.80854167,100.0,1.0,,,FOD,,,,0.25,97.75,20.1
3,M03R01,Ripária,75,D,R01_75_D,565.0,14.0,27.0,10.0,15.0,125.0,51.0,51.0,51.0,51.0,0.0,0.0,0.0,0.0,10.0,3.0,15.0,20.0,0.0,0.0,5.0,2.0,90.0,97.0,80.0,78.0,7.0,5.0,4.0,6.0,0.0,0.0,0.0,0.0,11.0,33.43875,100.0,1.0,,,FOD,,,,1.75,86.25,22.0
3,M03R01,Ripária,125,D,R01_125_D,565.0,22.0,15.0,12.0,12.0,115.0,51.0,51.0,25.0,25.0,0.0,0.0,0.0,0.0,1.0,1.0,0.0,0.0,5.0,4.0,5.0,6.0,94.0,95.0,95.0,94.0,5.5,3.0,5.0,7.0,0.0,0.0,0.0,0.0,20.0,7.4696875,100.0,1.0,,,FOD,,,,5.0,94.5,20.5
3,M03R01,Ripária,175,D,R01_175_D,565.0,19.0,55.0,30.0,33.0,105.0,10.0,0.0,20.0,5.0,25.0,80.0,10.0,30.0,10.0,0.0,40.0,2.0,10.0,5.0,15.0,5.0,55.0,15.0,35.0,63.0,3.0,0.5,0.5,2.0,0.0,0.0,0.0,0.0,20.0,11.1409375,100.0,1.0,,,FOD,,,,8.75,42.0,6.0
3,M03R01,Ripária,225,D,R01_225_D,565.0,13.0,30.0,20.0,22.0,95.0,10.0,51.0,51.0,51.0,0.0,0.0,0.0,0.0,15.0,10.0,5.0,0.0,5.0,60.0,50.0,10.0,80.0,30.0,45.0,90.0,5.0,0.5,0.5,0.0,0.0,0.0,0.0,0.0,15.0,14.27364583,100.0,1.0,,,FOD,,,,31.25,61.25,6.0
3,M03R01,Ripária,25,C,R01_25_C,565.0,15.0,14.0,14.5,14.0,210.0,33.0,30.0,30.0,31.5,0.0,0.0,0.0,0.0,0.0,0.0,0.0,0.0,5.0,5.0,5.0,5.0,88.0,89.0,85.0,90.0,2.5,3.0,2.8,2.6,0.0,0.0,0.0,0.0,11.0,15.8,100.0,1.0,,,FOD,,,,5.0,88.0,10.9
3,M03R01,Ripária,75,C,R01_75_C,565.0,15.0,14.0,14.5,14.0,210.0,33.0,30.0,30.0,31.5,0.0,0.0,0.0,0.0,0.0,0.0,0.0,0.0,5.0,5.0,5.0,5.0,88.0,89.0,85.0,90.0,2.5,3.0,2.8,2.6,0.0,0.0,0.0,0.0,11.0,32.39604167,100.0,1.0,,,FOD,,,,5.0,88.0,10.9
3,M03R01,Ripária,125,C,R01_125_C,565.0,15.0,14.0,14.5,14.0,210.0,33.0,30.0,30.0,31.5,0.0,0.0,0.0,0.0,0.0,0.0,0.0,0.0,5.0,5.0,5.0,5.0,88.0,89.0,85.0,90.0,2.5,3.0,2.8,2.6,0.0,0.0,0.0,0.0,11.0,13.3421875,100.0,1.0,,,FOD,,,,5.0,88.0,10.9
3,M03R01,Ripária,175,C,R01_175_C,565.0,15.0,14.0,14.5,14.0,210.0,33.0,30.0,30.0,31.5,0.0,0.0,0.0,0.0,0.0,0.0,0.0,0.0,5.0,5.0,5.0,5.0,88.0,89.0,85.0,90.0,2.5,3.0,2.8,2.6,0.0,0.0,0.0,0.0,11.0,12.75635417,100.0,1.0,,,FOD,,,,5.0,88.0,10.9
3,M03R01,Ripária,225,C,R01_225_C,565.0,15.0,14.0,14.5,14.0,210.0,33.0,30.0,30.0,31.5,0.0,0.0,0.0,0.0,0.0,0.0,0.0,0.0,5.0,5.0,5.0,5.0,88.0,89.0,85.0,90.0,2.5,3.0,2.8,2.6,0.0,0.0,0.0,0.0,11.0,11.501875,100.0,1.0,,,FOD,,,,5.0,88.0,10.9
3,M03R02,Ripária,25,E,R02_25_E,470.0,0.1,0.1,0.1,0.1,240.0,0.0,0.0,0.0,0.0,75.0,90.0,80.0,65.0,0.0,0.0,0.0,0.0,20.0,10.0,10.0,20.0,5.0,0.0,10.0,15.0,0.5,0.5,0.0,1.0,0.0,0.0,0.0,0.0,10.0,44.24177083,100.0,1.0,,,FOD,,,,15.0,7.5,2.0
3,M03R02,Ripária,75,E,R02_75_E,470.0,0.1,5.0,5.0,5.0,240.0,0.0,0.0,0.0,0.0,100.0,100.0,100.0,100.0,0.0,0.0,0.0,0.0,0.0,0.0,0.0,0.0,0.0,0.0,0.0,0.0,0.0,0.0,0.0,0.0,0.0,0.0,0.0,0.0,7.0,88.72614583,100.0,1.0,,,FOD,,,,0.0,0.0,0.0
3,M03R02,Ripária,125,E,R02_125_E,470.0,17.0,24.0,15.0,10.0,345.0,30.0,40.0,15.0,30.0,1.0,0.0,2.0,5.0,5.0,0.0,0.0,10.0,2.0,1.0,0.0,0.0,92.0,99.0,98.0,85.0,3.0,3.0,1.0,2.0,0.0,0.0,0.0,0.0,16.0,21.803125,100.0,1.0,,,FOD,,,,0.75,93.5,9.0
3,M03R02,Ripária,175,E,R02_175_E,470.0,38.0,27.0,23.0,35.0,280.0,8.0,5.0,30.0,51.0,3.0,1.0,0.0,0.0,15.0,5.0,0.0,0.0,0.0,0.0,0.0,0.0,82.0,94.0,100.0,100.0,10.0,4.0,5.0,5.0,0.0,0.0,0.0,0.0,18.0,23.03239583,100.0,1.0,,,FOD,,,,0.0,94.0,24.0
3,M03R02,Ripária,225,E,R02_225_E,470.0,1.0,1.0,1.0,1.0,160.0,0.0,0.0,0.0,0.0,100.0,85.0,100.0,100.0,0.0,0.0,0.0,0.0,0.0,15.0,0.0,0.0,0.0,0.0,0.0,0.0,0.0,0.0,0.0,0.0,0.0,0.0,0.0,0.0,10.0,22.3578125,100.0,1.0,,,FOD,,,,3.75,0.0,0.0
3,M03R02,Ripária,25,D,R02_25_D,470.0,10.0,15.0,30.0,16.0,160.0,12.0,5.0,10.0,28.0,15.0,0.0,15.0,20.0,0.0,5.0,50.0,40.0,5.0,2.0,10.0,15.0,80.0,93.0,25.0,25.0,3.0,5.0,1.0,4.0,0.0,0.0,0.0,0.0,15.0,9.116458333,100.0,1.0,,,FOD,,,,8.0,55.75,13.0
3,M03R02,Ripária,75,D,R02_75_D,470.0,4.0,20.0,19.0,15.0,210.0,51.0,51.0,51.0,51.0,0.0,0.0,0.0,0.0,0.0,0.0,5.0,0.0,0.0,0.0,0.0,10.0,100.0,100.0,95.0,90.0,8.0,3.0,2.0,1.0,0.0,0.0,0.0,0.0,14.0,20.98458333,100.0,1.0,,,FOD,,,,2.5,96.25,14.0
3,M03R02,Ripária,125,D,R02_125_D,470.0,0.1,1.0,1.0,0.1,210.0,15.0,12.0,15.0,10.0,0.0,0.0,0.0,15.0,5.0,0.0,0.0,15.0,25.0,20.0,10.0,40.0,70.0,80.0,90.0,30.0,0.5,0.5,0.5,1.0,0.0,0.0,0.0,0.0,6.0,12.49635417,100.0,1.0,,,FOD,,,,23.75,67.5,2.5
3,M03R02,Ripária,175,D,R02_175_D,470.0,0.1,0.1,1.0,0.1,185.0,2.0,0.0,5.0,1.0,25.0,70.0,15.0,75.0,15.0,0.0,5.0,10.0,10.0,1.0,15.0,8.0,50.0,29.0,65.0,7.0,0.5,1.0,0.5,0.5,0.0,0.0,0.0,0.0,5.0,59.33208333,100.0,1.0,,,FOD,,,,8.5,37.75,2.5
3,M03R02,Ripária,225,D,R02_225_D,470.0,5.0,0.0,5.0,5.0,100.0,5.0,0.0,10.0,12.0,18.0,48.0,5.0,18.0,0.0,0.0,0.0,0.0,80.0,15.0,80.0,80.0,2.0,37.0,15.0,2.0,0.5,0.5,1.0,0.5,0.0,0.0,0.0,0.0,11.0,35.32135417,100.0,1.0,,,FOD,,,,63.75,14.0,2.5
3,M03R02,Ripária,25,C,R02_25_C,470.0,15.0,14.0,14.5,14.0,210.0,33.0,30.0,30.0,31.5,0.0,0.0,0.0,0.0,0.0,0.0,0.0,0.0,5.0,5.0,5.0,5.0,88.0,89.0,85.0,90.0,2.5,3.0,2.8,2.6,0.0,0.0,0.0,0.0,11.0,37.51291667,100.0,1.0,,,FOD,,,,5.0,88.0,10.9
3,M03R02,Ripária,75,C,R02_75_C,470.0,15.0,14.0,14.5,14.0,210.0,33.0,30.0,30.0,31.5,0.0,0.0,0.0,0.0,0.0,0.0,0.0,0.0,5.0,5.0,5.0,5.0,88.0,89.0,85.0,90.0,2.5,3.0,2.8,2.6,0.0,0.0,0.0,0.0,11.0,25.7915625,100.0,1.0,,,FOD,,,,5.0,88.0,10.9
3,M03R02,Ripária,125,C,R02_125_C,470.0,15.0,14.0,14.5,14.0,210.0,33.0,30.0,30.0,31.5,0.0,0.0,0.0,0.0,0.0,0.0,0.0,0.0,5.0,5.0,5.0,5.0,88.0,89.0,85.0,90.0,2.5,3.0,2.8,2.6,0.0,0.0,0.0,0.0,11.0,81.28854167,100.0,1.0,,,FOD,,,,5.0,88.0,10.9
3,M03R02,Ripária,175,C,R02_175_C,470.0,15.0,14.0,14.5,14.0,210.0,33.0,30.0,30.0,31.5,0.0,0.0,0.0,0.0,0.0,0.0,0.0,0.0,5.0,5.0,5.0,5.0,88.0,89.0,85.0,90.0,2.5,3.0,2.8,2.6,0.0,0.0,0.0,0.0,11.0,78.3953125,100.0,1.0,,,FOD,,,,5.0,88.0,10.9
3,M03R02,Ripária,225,C,R02_225_C,470.0,15.0,14.0,14.5,14.0,210.0,33.0,30.0,30.0,31.5,0.0,0.0,0.0,0.0,0.0,0.0,0.0,0.0,5.0,5.0,5.0,5.0,88.0,89.0,85.0,90.0,2.5,3.0,2.8,2.6,0.0,0.0,0.0,0.0,11.0,92.481875,100.0,1.0,,,FOD,,,,5.0,88.0,10.9
3,M03R03,Ripária,25,E,R03_25_E,510.0,20.0,20.0,6.0,15.0,20.0,51.0,51.0,51.0,51.0,0.0,0.0,0.0,0.0,0.0,0.0,5.0,0.0,0.0,0.0,5.0,0.0,100.0,100.0,90.0,100.0,5.0,4.0,7.0,6.0,0.0,0.0,0.0,0.0,14.0,11.46791667,100.0,1.0,,,FOD,,,,1.25,97.5,22.0
3,M03R03,Ripária,75,E,R03_75_E,510.0,35.0,42.0,30.0,29.0,35.0,51.0,51.0,51.0,51.0,0.0,0.0,0.0,0.0,1.0,30.0,20.0,15.0,0.0,10.0,0.0,5.0,99.0,60.0,80.0,80.0,1.0,0.5,0.5,1.0,0.0,0.0,0.0,0.0,17.0,16.63333333,100.0,1.0,,,FOD,,,,3.75,79.75,3.0
3,M03R03,Ripária,125,E,R03_125_E,510.0,32.0,31.0,26.0,34.0,33.0,51.0,51.0,51.0,51.0,2.0,0.0,0.0,5.0,60.0,70.0,25.0,30.0,2.0,5.0,0.0,10.0,36.0,25.0,75.0,55.0,0.5,0.5,1.0,0.5,0.0,0.0,0.0,0.0,13.0,10.28614583,100.0,1.0,,,FOD,,,,4.25,47.75,2.5
3,M03R03,Ripária,175,E,R03_175_E,510.0,35.0,14.0,34.0,17.0,120.0,51.0,51.0,51.0,51.0,0.0,0.0,0.0,0.0,2.0,10.0,5.0,5.0,2.0,20.0,20.0,5.0,96.0,70.0,75.0,90.0,1.0,1.0,2.0,1.5,0.0,0.0,0.0,0.0,18.0,16.23947917,100.0,1.0,,,FOD,,,,11.75,82.75,5.5
3,M03R03,Ripária,225,E,R03_225_E,510.0,42.0,30.0,47.0,54.0,70.0,51.0,51.0,51.0,51.0,0.0,0.0,0.0,0.0,2.0,0.0,5.0,15.0,5.0,5.0,15.0,10.0,93.0,95.0,80.0,75.0,6.0,8.0,6.0,3.0,0.0,0.0,0.0,0.0,17.0,13.12791667,100.0,1.0,,,FOD,,,,8.75,85.75,23.0
3,M03R03,Ripária,25,D,R03_25_D,510.0,54.0,40.0,40.0,34.0,170.0,20.0,20.0,51.0,20.0,1.0,0.0,0.0,1.0,95.0,80.0,50.0,90.0,0.0,10.0,0.0,0.0,4.0,10.0,50.0,9.0,0.5,1.0,0.5,1.0,0.0,0.0,0.0,0.0,15.0,26.40302083,100.0,1.0,,,FOD,,,,2.5,18.25,3.0
3,M03R03,Ripária,75,D,R03_75_D,510.0,12.0,5.0,10.0,4.0,275.0,20.0,10.0,51.0,51.0,5.0,10.0,10.0,5.0,25.0,5.0,5.0,2.0,0.0,0.0,1.0,5.0,70.0,85.0,84.0,88.0,0.5,1.0,1.0,1.0,0.0,0.0,0.0,0.0,15.0,19.19572917,100.0,1.0,,,FOD,,,,1.5,81.75,3.5
3,M03R03,Ripária,125,D,R03_125_D,510.0,62.0,46.0,39.0,54.0,255.0,5.0,6.0,0.0,4.0,60.0,20.0,60.0,80.0,40.0,30.0,40.0,20.0,0.0,0.0,0.0,0.0,0.0,50.0,0.0,0.0,0.0,0.5,0.0,0.0,0.0,0.0,0.0,0.0,7.0,16.86302083,100.0,1.0,,,FOD,,,,0.0,12.5,0.5
3,M03R03,Ripária,175,D,R03_175_D,510.0,63.0,66.0,56.0,43.0,320.0,23.0,40.0,36.0,40.0,5.0,5.0,0.0,0.0,40.0,30.0,88.0,60.0,0.0,4.0,2.0,8.0,55.0,61.0,10.0,32.0,2.0,0.5,0.0,0.5,0.0,0.0,0.0,0.0,8.0,35.389375,100.0,1.0,,,FOD,,,,3.5,39.5,3.0
3,M03R03,Ripária,225,D,R03_225_D,510.0,67.0,51.0,35.0,42.0,260.0,15.0,30.0,10.0,20.0,5.0,0.0,0.0,5.0,70.0,5.0,10.0,50.0,10.0,0.0,0.0,5.0,15.0,95.0,90.0,40.0,0.5,1.5,2.0,1.0,0.0,0.0,0.0,0.0,13.0,37.21510417,100.0,1.0,,,FOD,,,,3.75,60.0,5.0
3,M03R03,Ripária,25,C,R03_25_C,510.0,15.0,14.0,14.5,14.0,210.0,33.0,30.0,30.0,31.5,0.0,0.0,0.0,0.0,0.0,0.0,0.0,0.0,5.0,5.0,5.0,5.0,88.0,89.0,85.0,90.0,2.5,3.0,2.8,2.6,0.0,0.0,0.0,0.0,11.0,22.99625,100.0,1.0,,,FOD,,,,5.0,88.0,10.9
3,M03R03,Ripária,75,C,R03_75_C,510.0,15.0,14.0,14.5,14.0,210.0,33.0,30.0,30.0,31.5,0.0,0.0,0.0,0.0,0.0,0.0,0.0,0.0,5.0,5.0,5.0,5.0,88.0,89.0,85.0,90.0,2.5,3.0,2.8,2.6,0.0,0.0,0.0,0.0,11.0,16.86770833,100.0,1.0,,,FOD,,,,5.0,88.0,10.9
3,M03R03,Ripária,125,C,R03_125_C,510.0,15.0,14.0,14.5,14.0,210.0,33.0,30.0,30.0,31.5,0.0,0.0,0.0,0.0,0.0,0.0,0.0,0.0,5.0,5.0,5.0,5.0,88.0,89.0,85.0,90.0,2.5,3.0,2.8,2.6,0.0,0.0,0.0,0.0,11.0,16.674375,100.0,1.0,,,FOD,,,,5.0,88.0,10.9
3,M03R03,Ripária,175,C,R03_175_C,510.0,15.0,14.0,14.5,14.0,210.0,33.0,30.0,30.0,31.5,0.0,0.0,0.0,0.0,0.0,0.0,0.0,0.0,5.0,5.0,5.0,5.0,88.0,89.0,85.0,90.0,2.5,3.0,2.8,2.6,0.0,0.0,0.0,0.0,11.0,10.52541667,100.0,1.0,,,FOD,,,,5.0,88.0,10.9
3,M03R03,Ripária,225,C,R03_225_C,510.0,15.0,14.0,14.5,14.0,210.0,33.0,30.0,30.0,31.5,0.0,0.0,0.0,0.0,0.0,0.0,0.0,0.0,5.0,5.0,5.0,5.0,88.0,89.0,85.0,90.0,2.5,3.0,2.8,2.6,0.0,0.0,0.0,0.0,11.0,37.48375,100.0,1.0,,,FOD,,,,5.0,88.0,10.9
3,M03R04,Ripária,25,E,R04_25_E,1455.0,15.0,14.0,14.5,14.0,210.0,33.0,30.0,30.0,31.5,0.0,0.0,0.0,0.0,0.0,0.0,0.0,0.0,5.0,5.0,5.0,5.0,88.0,89.0,85.0,90.0,2.5,3.0,2.8,2.6,0.0,0.0,0.0,0.0,11.0,21.54421875,100.0,1.0,,,FOD,,,,5.0,88.0,10.9
3,M03R04,Ripária,75,E,R04_75_E,1455.0,15.0,14.0,14.5,14.0,210.0,33.0,30.0,30.0,31.5,0.0,0.0,0.0,0.0,0.0,0.0,0.0,0.0,5.0,5.0,5.0,5.0,88.0,89.0,85.0,90.0,2.5,3.0,2.8,2.6,0.0,0.0,0.0,0.0,11.0,21.54421875,100.0,1.0,,,FOD,,,,5.0,88.0,10.9
3,M03R04,Ripária,125,E,R04_125_E,1455.0,15.0,14.0,14.5,14.0,210.0,33.0,30.0,30.0,31.5,0.0,0.0,0.0,0.0,0.0,0.0,0.0,0.0,5.0,5.0,5.0,5.0,88.0,89.0,85.0,90.0,2.5,3.0,2.8,2.6,0.0,0.0,0.0,0.0,11.0,21.54421875,100.0,1.0,,,FOD,,,,5.0,88.0,10.9
3,M03R04,Ripária,175,E,R04_175_E,1455.0,15.0,14.0,14.5,14.0,210.0,33.0,30.0,30.0,31.5,0.0,0.0,0.0,0.0,0.0,0.0,0.0,0.0,5.0,5.0,5.0,5.0,88.0,89.0,85.0,90.0,2.5,3.0,2.8,2.6,0.0,0.0,0.0,0.0,11.0,21.54421875,100.0,1.0,,,FOD,,,,5.0,88.0,10.9
3,M03R04,Ripária,225,E,R04_225_E,1455.0,15.0,14.0,14.5,14.0,210.0,33.0,30.0,30.0,31.5,0.0,0.0,0.0,0.0,0.0,0.0,0.0,0.0,5.0,5.0,5.0,5.0,88.0,89.0,85.0,90.0,2.5,3.0,2.8,2.6,0.0,0.0,0.0,0.0,11.0,21.54421875,100.0,1.0,,,FOD,,,,5.0,88.0,10.9
3,M03R04,Ripária,25,D,R04_25_D,1455.0,15.0,14.0,14.5,14.0,210.0,33.0,30.0,30.0,31.5,0.0,0.0,0.0,0.0,0.0,0.0,0.0,0.0,5.0,5.0,5.0,5.0,88.0,89.0,85.0,90.0,2.5,3.0,2.8,2.6,0.0,0.0,0.0,0.0,11.0,21.54421875,100.0,1.0,,,FOD,,,,5.0,88.0,10.9
3,M03R04,Ripária,75,D,R04_75_D,1455.0,15.0,14.0,14.5,14.0,210.0,33.0,30.0,30.0,31.5,0.0,0.0,0.0,0.0,0.0,0.0,0.0,0.0,5.0,5.0,5.0,5.0,88.0,89.0,85.0,90.0,2.5,3.0,2.8,2.6,0.0,0.0,0.0,0.0,11.0,21.54421875,100.0,1.0,,,FOD,,,,5.0,88.0,10.9
3,M03R04,Ripária,125,D,R04_125_D,1455.0,15.0,14.0,14.5,14.0,210.0,33.0,30.0,30.0,31.5,0.0,0.0,0.0,0.0,0.0,0.0,0.0,0.0,5.0,5.0,5.0,5.0,88.0,89.0,85.0,90.0,2.5,3.0,2.8,2.6,0.0,0.0,0.0,0.0,11.0,21.54421875,100.0,1.0,,,FOD,,,,5.0,88.0,10.9
3,M03R04,Ripária,175,D,R04_175_D,1455.0,15.0,14.0,14.5,14.0,210.0,33.0,30.0,30.0,31.5,0.0,0.0,0.0,0.0,0.0,0.0,0.0,0.0,5.0,5.0,5.0,5.0,88.0,89.0,85.0,90.0,2.5,3.0,2.8,2.6,0.0,0.0,0.0,0.0,11.0,21.54421875,100.0,1.0,,,FOD,,,,5.0,88.0,10.9
3,M03R04,Ripária,225,D,R04_225_D,1455.0,15.0,14.0,14.5,14.0,210.0,33.0,30.0,30.0,31.5,0.0,0.0,0.0,0.0,0.0,0.0,0.0,0.0,5.0,5.0,5.0,5.0,88.0,89.0,85.0,90.0,2.5,3.0,2.8,2.6,0.0,0.0,0.0,0.0,11.0,21.54421875,100.0,1.0,,,FOD,,,,5.0,88.0,10.9
3,M03R04,Ripária,25,C,R04_25_C,1455.0,15.0,14.0,14.5,14.0,210.0,33.0,30.0,30.0,31.5,0.0,0.0,0.0,0.0,0.0,0.0,0.0,0.0,5.0,5.0,5.0,5.0,88.0,89.0,85.0,90.0,2.5,3.0,2.8,2.6,0.0,0.0,0.0,0.0,11.0,21.54421875,100.0,1.0,,,FOD,,,,5.0,88.0,10.9
3,M03R04,Ripária,75,C,R04_75_C,1455.0,15.0,14.0,14.5,14.0,210.0,33.0,30.0,30.0,31.5,0.0,0.0,0.0,0.0,0.0,0.0,0.0,0.0,5.0,5.0,5.0,5.0,88.0,89.0,85.0,90.0,2.5,3.0,2.8,2.6,0.0,0.0,0.0,0.0,11.0,21.54421875,100.0,1.0,,,FOD,,,,5.0,88.0,10.9
3,M03R04,Ripária,125,C,R04_125_C,1455.0,15.0,14.0,14.5,14.0,210.0,33.0,30.0,30.0,31.5,0.0,0.0,0.0,0.0,0.0,0.0,0.0,0.0,5.0,5.0,5.0,5.0,88.0,89.0,85.0,90.0,2.5,3.0,2.8,2.6,0.0,0.0,0.0,0.0,11.0,21.54421875,100.0,1.0,,,FOD,,,,5.0,88.0,10.9
3,M03R04,Ripária,175,C,R04_175_C,1455.0,15.0,14.0,14.5,14.0,210.0,33.0,30.0,30.0,31.5,0.0,0.0,0.0,0.0,0.0,0.0,0.0,0.0,5.0,5.0,5.0,5.0,88.0,89.0,85.0,90.0,2.5,3.0,2.8,2.6,0.0,0.0,0.0,0.0,11.0,21.54421875,100.0,1.0,,,FOD,,,,5.0,88.0,10.9
3,M03R04,Ripária,225,C,R04_225_C,1455.0,15.0,14.0,14.5,14.0,210.0,33.0,30.0,30.0,31.5,0.0,0.0,0.0,0.0,0.0,0.0,0.0,0.0,5.0,5.0,5.0,5.0,88.0,89.0,85.0,90.0,2.5,3.0,2.8,2.6,0.0,0.0,0.0,0.0,11.0,21.54421875,100.0,1.0,,,FOD,,,,5.0,88.0,10.9
3,M03R05,Ripária,25,E,R05_25_E,1455.0,15.0,14.0,14.5,14.0,210.0,33.0,30.0,30.0,31.5,0.0,0.0,0.0,0.0,0.0,0.0,0.0,0.0,5.0,5.0,5.0,5.0,88.0,89.0,85.0,90.0,2.5,3.0,2.8,2.6,0.0,0.0,0.0,0.0,11.0,21.54421875,100.0,1.0,,,FOD,,,,5.0,88.0,10.9
3,M03R05,Ripária,75,E,R05_75_E,1455.0,15.0,14.0,14.5,14.0,210.0,33.0,30.0,30.0,31.5,0.0,0.0,0.0,0.0,0.0,0.0,0.0,0.0,5.0,5.0,5.0,5.0,88.0,89.0,85.0,90.0,2.5,3.0,2.8,2.6,0.0,0.0,0.0,0.0,11.0,21.54421875,100.0,1.0,,,FOD,,,,5.0,88.0,10.9
3,M03R05,Ripária,125,E,R05_125_E,1455.0,15.0,14.0,14.5,14.0,210.0,33.0,30.0,30.0,31.5,0.0,0.0,0.0,0.0,0.0,0.0,0.0,0.0,5.0,5.0,5.0,5.0,88.0,89.0,85.0,90.0,2.5,3.0,2.8,2.6,0.0,0.0,0.0,0.0,11.0,21.54421875,100.0,1.0,,,FOD,,,,5.0,88.0,10.9
3,M03R05,Ripária,175,E,R05_175_E,1455.0,15.0,14.0,14.5,14.0,210.0,33.0,30.0,30.0,31.5,0.0,0.0,0.0,0.0,0.0,0.0,0.0,0.0,5.0,5.0,5.0,5.0,88.0,89.0,85.0,90.0,2.5,3.0,2.8,2.6,0.0,0.0,0.0,0.0,11.0,21.54421875,100.0,1.0,,,FOD,,,,5.0,88.0,10.9
3,M03R05,Ripária,225,E,R05_225_E,1455.0,15.0,14.0,14.5,14.0,210.0,33.0,30.0,30.0,31.5,0.0,0.0,0.0,0.0,0.0,0.0,0.0,0.0,5.0,5.0,5.0,5.0,88.0,89.0,85.0,90.0,2.5,3.0,2.8,2.6,0.0,0.0,0.0,0.0,11.0,21.54421875,100.0,1.0,,,FOD,,,,5.0,88.0,10.9
3,M03R05,Ripária,25,D,R05_25_D,1455.0,15.0,14.0,14.5,14.0,210.0,33.0,30.0,30.0,31.5,0.0,0.0,0.0,0.0,0.0,0.0,0.0,0.0,5.0,5.0,5.0,5.0,88.0,89.0,85.0,90.0,2.5,3.0,2.8,2.6,0.0,0.0,0.0,0.0,11.0,21.54421875,100.0,1.0,,,FOD,,,,5.0,88.0,10.9
3,M03R05,Ripária,75,D,R05_75_D,1455.0,15.0,14.0,14.5,14.0,210.0,33.0,30.0,30.0,31.5,0.0,0.0,0.0,0.0,0.0,0.0,0.0,0.0,5.0,5.0,5.0,5.0,88.0,89.0,85.0,90.0,2.5,3.0,2.8,2.6,0.0,0.0,0.0,0.0,11.0,21.54421875,100.0,1.0,,,FOD,,,,5.0,88.0,10.9
3,M03R05,Ripária,125,D,R05_125_D,1455.0,15.0,14.0,14.5,14.0,210.0,33.0,30.0,30.0,31.5,0.0,0.0,0.0,0.0,0.0,0.0,0.0,0.0,5.0,5.0,5.0,5.0,88.0,89.0,85.0,90.0,2.5,3.0,2.8,2.6,0.0,0.0,0.0,0.0,11.0,21.54421875,100.0,1.0,,,FOD,,,,5.0,88.0,10.9
3,M03R05,Ripária,175,D,R05_175_D,1455.0,15.0,14.0,14.5,14.0,210.0,33.0,30.0,30.0,31.5,0.0,0.0,0.0,0.0,0.0,0.0,0.0,0.0,5.0,5.0,5.0,5.0,88.0,89.0,85.0,90.0,2.5,3.0,2.8,2.6,0.0,0.0,0.0,0.0,11.0,21.54421875,100.0,1.0,,,FOD,,,,5.0,88.0,10.9
3,M03R05,Ripária,225,D,R05_225_D,1455.0,15.0,14.0,14.5,14.0,210.0,33.0,30.0,30.0,31.5,0.0,0.0,0.0,0.0,0.0,0.0,0.0,0.0,5.0,5.0,5.0,5.0,88.0,89.0,85.0,90.0,2.5,3.0,2.8,2.6,0.0,0.0,0.0,0.0,11.0,21.54421875,100.0,1.0,,,FOD,,,,5.0,88.0,10.9
3,M03R05,Ripária,25,C,R05_25_C,1455.0,15.0,14.0,14.5,14.0,210.0,33.0,30.0,30.0,31.5,0.0,0.0,0.0,0.0,0.0,0.0,0.0,0.0,5.0,5.0,5.0,5.0,88.0,89.0,85.0,90.0,2.5,3.0,2.8,2.6,0.0,0.0,0.0,0.0,11.0,21.54421875,100.0,1.0,,,FOD,,,,5.0,88.0,10.9
3,M03R05,Ripária,75,D,R05_75_D,1455.0,15.0,14.0,14.5,14.0,210.0,33.0,30.0,30.0,31.5,0.0,0.0,0.0,0.0,0.0,0.0,0.0,0.0,5.0,5.0,5.0,5.0,88.0,89.0,85.0,90.0,2.5,3.0,2.8,2.6,0.0,0.0,0.0,0.0,11.0,21.54421875,100.0,1.0,,,FOD,,,,5.0,88.0,10.9
3,M03R05,Ripária,125,D,R05_125_D,1455.0,15.0,14.0,14.5,14.0,210.0,33.0,30.0,30.0,31.5,0.0,0.0,0.0,0.0,0.0,0.0,0.0,0.0,5.0,5.0,5.0,5.0,88.0,89.0,85.0,90.0,2.5,3.0,2.8,2.6,0.0,0.0,0.0,0.0,11.0,21.54421875,100.0,1.0,,,FOD,,,,5.0,88.0,10.9
3,M03R05,Ripária,175,D,R05_175_D,1455.0,15.0,14.0,14.5,14.0,210.0,33.0,30.0,30.0,31.5,0.0,0.0,0.0,0.0,0.0,0.0,0.0,0.0,5.0,5.0,5.0,5.0,88.0,89.0,85.0,90.0,2.5,3.0,2.8,2.6,0.0,0.0,0.0,0.0,11.0,21.54421875,100.0,1.0,,,FOD,,,,5.0,88.0,10.9
3,M03R05,Ripária,225,D,R05_225_D,1455.0,15.0,14.0,14.5,14.0,210.0,33.0,30.0,30.0,31.5,0.0,0.0,0.0,0.0,0.0,0.0,0.0,0.0,5.0,5.0,5.0,5.0,88.0,89.0,85.0,90.0,2.5,3.0,2.8,2.6,0.0,0.0,0.0,0.0,11.0,21.54421875,100.0,1.0,,,FOD,,,,5.0,88.0,10.9
